dataset,task,sensor_modality,samples,gb,storage_manageable,subsettable_if_large,downstream_labels,public_download,geolocation_retained,geographic_readability,enough_samples_per_domain,fm_compatible,saturation,meaningful_task,splits_metadata,comparison_use,license_academic,decision,reason,benchmark_evidence,source
So2Sat LCZ42,C,S1+S2,400.7K,51.8,Moderate,?,Yes,Yes,Yes,?,Maybe,High,No obvious issue,Yes,Yes,High,CC-BY-4.0,SHORTLIST,"Strong fast-screen fit: meaningful EO task, FM-compatible data, useful geography/splits or established FM use.",CB+GB2+GFM+Paper+TG,https://arxiv.org/abs/1912.12171
CropHarvest,C,Multi,95.2K,22.7,Yes,N/A,Yes,Likely,Likely,Likely,Likely,High,No obvious issue,Yes,Likely,Medium,Verify,SHORTLIST,"Strong fast-screen fit: meaningful EO task, FM-compatible data, useful geography/splits or established FM use.",TG,https://scholar.google.com/scholar?q=\%22Gabriel+Tseng\%2C+Ivan+Zvonkov\%2C+Catherine+Lilian+Nakalembe\%2C+and+Hannah+Kerner.+Cropharvest\%3A+A+global+dataset+for+crop-type+classification.+In+NeurIPS+Datasets+and+Benchmarks+Track\%2C+2021.+4\%22
fMoW-Sentinel,C,S2 MS,882.8K,--,Subset/verify,Yes/likely,Yes,Yes,Partial,Yes,Likely,High,No obvious issue,Yes,Yes,High,Verify,SHORTLIST,"Strong fast-screen fit: meaningful EO task, FM-compatible data, useful geography/splits or established FM use.",GFM,https://github.com/sustainlab-group/SatMAE
BigEarthNet v2.0 (S1+S2),"C,S",S1/S2,549.5K pairs,110,Moderate,Yes/likely,Yes,Yes,Yes,Yes,Likely,High,No obvious issue,Yes,Yes,High,CDLA-Permissive-1.0,SHORTLIST,"Strong fast-screen fit: meaningful EO task, FM-compatible data, useful geography/splits or established FM use.",GB2+Paper,https://bigearth.net/
Open-Canopy,"R,CD",SPOT-6/7+LiDAR,>87K km$^2$,--,Subset/verify,Yes/likely,Yes,Yes,Yes,Yes,Likely,Partial,No obvious issue,Yes,Yes,High,Verify,SHORTLIST,"Strong fast-screen fit: meaningful EO task, FM-compatible data, useful geography/splits or established FM use.",PG+Paper,https://github.com/fajwel/Open-Canopy
DFC2020,S,S1/S2,5.1K,--,?,?,Yes,Yes,Yes,Yes,Likely,High,No obvious issue,Yes,Yes,High,Verify,SHORTLIST,"Strong fast-screen fit: meaningful EO task, FM-compatible data, useful geography/splits or established FM use.",CB+GFM,https://ieee-dataport.org/competitions/2020-ieee-grss-data-fusion-contest-global-land-cover-mapping-weak-supervision
Sen1Floods11,S,S1/S2,4.8K,14.3,Yes,N/A,Yes,Yes,Yes,Yes,Maybe,High,No obvious issue,Yes,Yes,High,Verify,SHORTLIST,"Strong fast-screen fit: meaningful EO task, FM-compatible data, useful geography/splits or established FM use.",GFM+PG,https://scholar.google.com/scholar?q=\%22Derrick+Bonafilia\%2C+Beth+Tellman\%2C+Tyler+Anderson\%2C+and+Erica+Issenberg.+Sen1floods11\%3A+A+georeferenced+dataset+to+train+and+test+deep+learning+flood+algorithms+for+sentinel-1.+In+CVPRW\%2C+pages+210\%E2\%80\%93211\%2C+2020.+3\%2C+4\%22
SpaceNet-7,"CD,S",MS+MT,1.5K,20.6,Yes,N/A,Yes,Yes,Yes,Yes,Maybe,High,No obvious issue,Yes,Yes,High,Verify,SHORTLIST,"Strong fast-screen fit: meaningful EO task, FM-compatible data, useful geography/splits or established FM use.",GB2+PG,https://scholar.google.com/scholar?q=\%22Adam+Van+Etten\%2C+Daniel+Hogan\%2C+Jesus+Martinez+Manso\%2C+Jacob+Shermeyer\%2C+Nicholas+Weir\%2C+and+Ryan+Lewis.+The+multi-temporal+urban+development+spacenet+dataset.+In+CVPR\%2C+pages+6398\%E2\%80\%936407\%2C+2021.+7\%22
TimeSen2Crop,S,S2,1M,1.1,Yes,N/A,Yes,Yes,Likely,Likely,Likely,High,No obvious issue,Yes,Likely,High,Verify,SHORTLIST,"Strong fast-screen fit: meaningful EO task, FM-compatible data, useful geography/splits or established FM use.",GFM,https://scholar.google.com/scholar?q=\%22Giulio+Weikmann\%2C+Claudia+Paris\%2C+and+Lorenzo+Bruzzone.+Timesen2crop\%3A+A+million+labeled+samples+dataset+of+sentinel+2+image+time+series+for+crop-type+classification.+IEEE+J.+Sel.+Top.+Appl.+Earth+Obs.+Remote+Sens.\%2C+14\%3A4699\%E2\%80\%934708\%2C+2021.+5\%2C+7\%22
PASTIS-R,S,Multiple (Satellite),2.4K,54,Moderate,?,Yes,Yes,Yes,Yes,Maybe,High,No obvious issue,Yes,Yes,High,Verify,SHORTLIST,"Strong fast-screen fit: meaningful EO task, FM-compatible data, useful geography/splits or established FM use.",PG,https://github.com/VSainteuf/pastis-benchmark
DynamicEarthNet,"CD,S",PlanetFusion,54.8K,524,Large,Yes/likely,Yes,Yes,Yes,Yes,Likely,Medium,No obvious issue,Yes,Yes,High,Verify,SHORTLIST,"Strong fast-screen fit: meaningful EO task, FM-compatible data, useful geography/splits or established FM use.",GB2+GFM+PG,https://scholar.google.com/scholar?q=\%22Aysim+Toker\%2C+Lukas+Kondmann\%2C+Mark+Weber\%2C+Marvin+Eisenberger\%2C+Andr\%C3\%A9s+Camero\%2C+Jingliang+Hu\%2C+Ariadna+Pregel+Hoderlein\%2C+Caglar+Senaras\%2C+Timothy+Davis\%2C+Daniel+Cremers\%2C+Giovanni+Marchisio\%2C+Xiao+Xiang+Zhu\%2C+and+Laura+Leal-Tai\%C3\%A9.+DynamicEarthNet\%3A+Daily+Multi-Spectral+Satellite+Dataset+for+Semantic+Change+Segmentation.+In+CVPR\%2C+2022.+8\%22
HLS Burn Scars,S,HLS,804,--,?,?,Yes,Yes,Partial,?,?,High,No obvious issue,Yes,Yes,High,Verify,SHORTLIST,"Strong fast-screen fit: meaningful EO task, FM-compatible data, useful geography/splits or established FM use.",GB2+GFM+PG,https://huggingface.co/datasets/ibm-nasa-geospatial/hls\_burn\_scars
Fields Of The World,"S,I",S2 MSI,70.8K,--,Subset/verify,?,Yes,Yes,Likely,Likely,Likely,High,No obvious issue,Yes,Likely,High,Verify,SHORTLIST,"Strong fast-screen fit: meaningful EO task, FM-compatible data, useful geography/splits or established FM use.",GB2+TG,https://docs.torchgeo.org/en/stable/api/datasets/fields-of-the-world.html\#fields-of-the-world
Kuro Siwo,S,S1 SAR+DEM,67.5K labeled,--,Subset/verify,?,Yes,Yes,Yes,Yes,Likely,High,No obvious issue,Yes,Yes,High,CC-BY,SHORTLIST,"Strong fast-screen fit: meaningful EO task, FM-compatible data, useful geography/splits or established FM use.",CB+GB2+Paper,https://arxiv.org/abs/2311.12056
MADOS,S,S2 MS,2.8K,5.35,Yes,N/A,Yes,Yes,Yes,Yes,Maybe,High,No obvious issue,Yes,Yes,High,Verify,SHORTLIST,"Strong fast-screen fit: meaningful EO task, FM-compatible data, useful geography/splits or established FM use.",PG,https://zenodo.org/records/10664073
SEN12MS-CR,SR,S1/S2,122.2K triplets,--,Subset/verify,?,Yes,Yes,Yes,Yes,Likely,High,No obvious issue,Yes,Yes,High,Verify,SHORTLIST,"Strong fast-screen fit: meaningful EO task, FM-compatible data, useful geography/splits or established FM use.",GFM+Paper,https://patricktum.github.io/cloud_removal/sen12mscr/
SEN12MS,"S,C",MS+SAR,180.7K,510,Large,Yes/likely,Yes,Yes,?,Yes,Likely,High,No obvious issue,Yes,?,High,Verify,VERIFY,"Promising, but at least one key item (geolocation/splits/license/storage) needs source verification.",FOMO+TG,https://arxiv.org/abs/1906.07789
South Africa Crop Type,C,S1+S2,122.7K,82.8,Moderate,?,Yes,Likely,Likely,Likely,Likely,High,No obvious issue,Yes,Likely,Medium,Verify,VERIFY,"Promising, but at least one key item (geolocation/splits/license/storage) needs source verification.",TG,https://www.google.com/search?q=\%22South+Africa+Crop+Type\%22+dataset+remote+sensing
Canadian Cropland,C,S2,78.5K,26,Yes,N/A,Yes,Yes,?,Likely,Likely,High,No obvious issue,Yes,?,High,Verify,VERIFY,"Promising, but at least one key item (geolocation/splits/license/storage) needs source verification.",GFM,https://scholar.google.com/scholar?q=\%22Etienne+Lord+Amanda+A.+Boatswain+Jacques\%2C+Abdoulaye+Banir\%C3\%A9+Diallo.+Towards+the+creation+of+a+canadian+land-use+dataset+for+agricultural+land+classification.+In+Canadian+Symposium+on+Remote+Sensing\%2C+2021.+3\%2C+4\%22
TreeSatAI,C,Multi,50.4K,16.3,Yes,N/A,Yes,Yes,?,Yes,Likely,High,No obvious issue,Yes,?,High,Verify,VERIFY,"Promising, but at least one key item (geolocation/splits/license/storage) needs source verification.",FOMO+GB2+GFM+Paper+TG,https://scholar.google.com/scholar?q=\%22Steve+Ahlswede\%2C+Christian+Schulz\%2C+Christiano+Gava\%2C+Patrick+Helber\%2C+Benjamin+Bischke\%2C+Michael+F\%C3\%B6rster\%2C+Florencia+Arias\%2C+J\%C3\%B6rn+Hees\%2C+Beg\%C3\%BCm+Demir\%2C+and+Birgit+Kleinschmit.+Treesatai+benchmark+archive\%3A+A+multisensor\%2C+multi-label+dataset+for+tree+species+classification+in+remote+sensing.+Earth+System+Science+Data+Discussions\%2C+pages+1\%E2\%80\%9322\%2C+2022.+4\%22
m-Brick-Kiln (GEO-Bench),C,S2 MS,"17,061",1.6,Yes,N/A,Yes,Yes,?,?,Maybe,High,No obvious issue,Yes,Yes,High,Verify,VERIFY,"Promising, but at least one key item (geolocation/splits/license/storage) needs source verification.",GB1,https://zenodo.org/records/8276815
m-ForestNet (GEO-Bench),C,Landsat-8 MS,"8,446",1.2,Yes,N/A,Yes,Yes,?,Yes,Likely,High,No obvious issue,Yes,Yes,High,Verify,VERIFY,"Promising, but at least one key item (geolocation/splits/license/storage) needs source verification.",GB1,https://zenodo.org/records/8008717
SICKLE,"S,C",S1/S2+L8 TS,34.8K,--,Subset/verify,?,Yes,Yes,?,?,Maybe,High,No obvious issue,Yes,?,High,Verify,VERIFY,"Promising, but at least one key item (geolocation/splits/license/storage) needs source verification.",GFM,https://openaccess.thecvf.com/content/WACV2024/html/Sani\_SICKLE\_A\_Multi-Sensor\_Satellite\_Imagery\_Dataset\_Annotated\_With\_Multiple\_Key\_WACV\_2024\_paper.html
BioMassters,R,S1/S2,13K,201,Large,Yes/likely,Yes,Yes,Yes,?,Maybe,High,No obvious issue,Yes,Yes,High,Verify,VERIFY,"Promising, but at least one key item (geolocation/splits/license/storage) needs source verification.",GB2+PG+TG,https://nascetti-a.github.io/BioMasster/
Chesapeake Land Cover,S,RGB+MS,250K,140,Moderate,?,Yes,Likely,?,?,Maybe,High,No obvious issue,Yes,?,Medium,Verify,VERIFY,"Promising, but at least one key item (geolocation/splits/license/storage) needs source verification.",TG,https://scholar.google.com/scholar?q=\%22Caleb+Robinson\%2C+Le+Hou\%2C+Kolya+Malkin\%2C+Bistra+Dilkina\%2C+and+Nebojsa+Jojic.+Large+scale+high-resolution+land+cover+mapping+with+multiresolution+data.+In+CVPR\%2C+pages+12726\%E2\%80\%9312735\%2C+2019.+7\%22
South Sudan Crop Type,S,S1/S2+Planet,837 tiles,977,Large,Yes/likely,Yes,Yes,Yes,Yes,?,High,No obvious issue,Yes,Yes,High,Verify,VERIFY,"Promising, but at least one key item (geolocation/splits/license/storage) needs source verification.",PG,https://www.google.com/search?q=\%22South+Sudan+Crop+Type\%22+dataset+remote+sensing
MARIDA,S,MS (Satellite),1.4K$\times$10,1.2,Yes,N/A,Yes,Yes,?,Yes,Maybe,High,No obvious issue,Yes,?,High,Verify,VERIFY,"Promising, but at least one key item (geolocation/splits/license/storage) needs source verification.",GFM,https://marine-debris.github.io/
CloudSEN12,S,S2/S1+DEM,49.4K,$\sim$1K,?,Yes/likely,Yes,Yes,Yes,Yes,Likely,High,No obvious issue,Yes,Yes,High,Verify,VERIFY,"Promising, but at least one key item (geolocation/splits/license/storage) needs source verification.",CB+GB2+Paper,https://www.nature.com/articles/s41597-022-01878-2
Five-Billion-Pixels,S,RGB+MS,150,104,Moderate,Yes/likely,Yes,Yes,Yes,Yes,?,High,No obvious issue,Yes,Yes,High,Verify,VERIFY,"Promising, but at least one key item (geolocation/splits/license/storage) needs source verification.",PG,https://arxiv.org/abs/2209.00727
AI4SmallFarms,S,S2 MS,62 tiles,--,?,?,Yes,Yes,Yes,Yes,?,High,No obvious issue,Yes,Yes,High,Verify,VERIFY,"Promising, but at least one key item (geolocation/splits/license/storage) needs source verification.",PG,https://doi.org/10.17026/dans-xy6-ngg6
BraDD-S1TS,"CD,S",S1 TS,13.2K,17.7,Yes,N/A,Yes,Yes,?,?,Maybe,High,No obvious issue,Yes,?,High,Verify,VERIFY,"Promising, but at least one key item (geolocation/splits/license/storage) needs source verification.",GFM,https://github.com/ecovision-uzh/BraDD-S1TS
DW-Expert,S,S1/S2,71.4K,--,?,?,Yes,Yes,Partial,Yes,Likely,High,No obvious issue,Yes,Partial,High,Verify,VERIFY,"Promising, but at least one key item (geolocation/splits/license/storage) needs source verification.",GFM,https://proceedings.neurips.cc/paper_files/paper/2023/file/11822e84689e631615199db3b75cd0e4-Paper-Conference.pdf
CropSeg,S,HLS MS,"3,854",--,Subset/verify,?,Yes,Likely,Partial,?,Maybe,High,No obvious issue,Yes,?,High,Verify,VERIFY,"Promising, but at least one key item (geolocation/splits/license/storage) needs source verification.",GFM,https://shileicao.github.io/papers/a2mae.pdf
xView2,CD,RGB,22.1K,51,Moderate,?,Yes,Yes,Yes,Yes,Likely,Partial,No obvious issue,Yes,Yes,High,Verify,VERIFY,"Promising, but at least one key item (geolocation/splits/license/storage) needs source verification.",PG+TG,https://arxiv.org/abs/1911.09296
WorldStrat,SR,Multi,3.4K,110,Moderate,Yes/likely,Yes,Likely,?,?,Maybe,High,No obvious issue,Yes,?,Medium,Verify,VERIFY,"Promising, but at least one key item (geolocation/splits/license/storage) needs source verification.",TG,https://scholar.google.com/scholar?q=\%22Julien+Cornebise\%2C+Ivan+Or\%C5\%A1olic\%2C+and+Freddie+Kalaitzis.+The+WorldStrat+\%C2\%B4+Dataset\%3A+Open+High-Resolution+Satellite+Imagery+With+Paired+MultiTemporal+Low-+Resolution\%2C+July+2022.+16\%2C+17\%22
