dataset_id,canonical_name,aliases,release_year,latest_version_year,task_primary,task_secondary,platform,sensor,modality,temporal_type,sample_unit,sample_count,resolution_m,classes,geography,annotation_type,benchmark_status,license,access_url,paper_url,repository_url,source_confidence,last_checked
eo_1996_mstar,MSTAR,,1996,1996,SAR target classification,,Satellite,SAR,SAR,Single-date,Image,Not reported,Unknown,See annotation_type,USA,Labels,benchmark,Unknown,Unknown,Unknown,Unknown,Likely,2026-09-15
eo_2000_indian_pines,Indian Pines,,2000,2000,Land-cover classification,,Aerial,Hyperspectral,Hyperspectral,Single-date,Scene,1,Unknown,See annotation_type,USA,Pixel labels; 16 classes,benchmark,Unknown,Unknown,Unknown,Unknown,Likely,2026-09-15
eo_2000_salinas,Salinas,,2000,2000,Land-cover classification,,Aerial,Hyperspectral,Hyperspectral,Single-date,Scene,1,Unknown,See annotation_type,USA,Pixel labels; 16 classes,benchmark,Unknown,Unknown,Unknown,Unknown,Likely,2026-09-15
eo_2005_botswana,Botswana,,2005,2005,Land-cover classification,,Aerial,Hyperspectral,Hyperspectral,Single-date,Scene,1,Unknown,See annotation_type,Botswana,Pixel labels; 14 classes,benchmark,Unknown,Unknown,Unknown,Unknown,Likely,2026-09-15
eo_2005_kennedy_space_center,Kennedy Space Center,,2005,2005,Land-cover classification,,Aerial,Hyperspectral,Hyperspectral,Single-date,Scene,1,Unknown,See annotation_type,USA,Pixel labels; 13 classes,benchmark,Unknown,Unknown,Unknown,Unknown,Likely,2026-09-15
eo_2009_dfc09,DFC09,,2009,2009,Change detection,,Satellite,Multispectral,Multispectral,Multitemporal,Scene,2,Unknown,See annotation_type,UK,Masks,benchmark,Unknown,Unknown,Unknown,Unknown,Likely,2026-09-15
eo_2009_pavia_center,Pavia Center,,2009,2009,Land-cover classification,,Aerial,Hyperspectral,Hyperspectral,Single-date,Scene,1,Unknown,See annotation_type,Italy,Pixel labels; 9 classes,benchmark,Unknown,Unknown,Unknown,Unknown,Likely,2026-09-15
eo_2009_pavia_university,Pavia University,,2009,2009,Land-cover classification,,Aerial,Hyperspectral,Hyperspectral,Single-date,Scene,1,Unknown,See annotation_type,Italy,Pixel labels; 9 classes,benchmark,Unknown,Unknown,Unknown,Unknown,Likely,2026-09-15
eo_2010_uc_merced_land_use,UC Merced Land Use,,2010,2010,Scene classification,,Satellite,USGS National Map,USGS National Map,Single-date,Image,2100,Unknown,See annotation_type,USA,Labels; 21 classes,benchmark,Unknown,Unknown,Unknown,Unknown,Likely,2026-09-15
eo_2012_whu_rs19,WHU-RS19,,2012,2012,Scene classification,,Satellite,Optical,Optical,Single-date,Image,1013,Unknown,See annotation_type,Unknown,Labels; 19 classes,benchmark,Unknown,Unknown,Unknown,Unknown,Likely,2026-09-15
eo_2015_bcs,BCS,,2015,2015,Scene classification,,Satellite,Optical,Optical,Single-date,Patch,2876,Unknown,See annotation_type,Brazil,Labels; 2 classes,benchmark,Unknown,Unknown,Unknown,Unknown,Likely,2026-09-15
eo_2015_rsscn7,RSSCN7,,2015,2015,Scene classification,,Satellite,Optical,Optical,Single-date,Image,2800,Unknown,See annotation_type,USA,Labels; 7 classes,benchmark,Unknown,Unknown,Unknown,Unknown,Likely,2026-09-15
eo_2015_sat_4,SAT-4,,2015,2015,Scene classification,,Aerial,Optical,Optical,Single-date,Patch,500000,Unknown,See annotation_type,USA,Labels; 4 classes,benchmark,Unknown,Unknown,Unknown,Unknown,Likely,2026-09-15
eo_2015_sat_6,SAT-6,,2015,2015,Scene classification,,Aerial,Optical,Optical,Single-date,Patch,405000,Unknown,See annotation_type,USA,Labels; 6 classes,benchmark,Unknown,Unknown,Unknown,Unknown,Likely,2026-09-15
eo_2015_vedai,VEDAI,,2015,2015,Vehicle classification / detection,,Aerial,Optical,Optical,Single-date,Image,1250,Unknown,See annotation_type,USA,Boxes; 9 classes,benchmark,Unknown,Unknown,Unknown,Unknown,Likely,2026-09-15
eo_2016_bcss,BCSS,,2016,2016,Land-cover classification,,Satellite,Multispectral,Multispectral,Single-date,Patch,1311,Unknown,See annotation_type,Brazil,Labels; 4 classes,benchmark,Unknown,Unknown,Unknown,Unknown,Likely,2026-09-15
eo_2016_nwpu_resisc45,NWPU-RESISC45,,2016,2016,Scene classification,,Satellite,Optical,Optical,Single-date,Image,31500,Unknown,See annotation_type,Global,Labels; 45 classes,benchmark,Unknown,Unknown,Unknown,Unknown,Likely,2026-09-15
eo_2016_rsc11,RSC11,,2016,2016,Scene classification,,Satellite,Optical,Optical,Single-date,Image,1232,Unknown,See annotation_type,Unknown,Labels; 11 classes,benchmark,Unknown,Unknown,Unknown,Unknown,Likely,2026-09-15
eo_2016_siri_whu,SIRI-WHU,,2016,2016,Scene classification,,Aerial,Optical,Optical,Single-date,Image,2400,Unknown,See annotation_type,China; USA,Labels; 12 classes,benchmark,Unknown,Unknown,Unknown,Unknown,Likely,2026-09-15
eo_2016_spacenet_1,SpaceNet 1,,2016,2016,Building-footprint instance segmentation,,Satellite,WorldView-2,RGB; multispectral,Single-date,Image,"9,735",Unknown,See annotation_type,Multiple locations,Building masks/vectors,benchmark,CC-BY-SA-4.0,https://docs.torchgeo.org/en/stable/api/datasets.html,Unknown,Unknown,Verified,2026-09-15
eo_2017_aid,AID,,2017,2017,Scene classification,,Satellite,Google Earth,Google Earth,Single-date,Image,10000,0.5–8 m,See annotation_type,Global,Labels; 30 classes,benchmark,CC-BY-NC-4.0,Unknown,Unknown,Unknown,Verified,2026-09-15
eo_2017_aist_building_cd,AIST Building CD,,2017,2017,Change detection,,Aerial,Optical,Optical,Multiple,Image pair,16950,Unknown,See annotation_type,Japan,Masks,benchmark,Unknown,Unknown,Unknown,Unknown,Likely,2026-09-15
eo_2017_hsi_cd,HSI_CD,,2017,2017,Change detection,,Multiple,Hyperspectral,Hyperspectral,Multitemporal,Patch,3×224,Unknown,See annotation_type,USA,Masks; 5 classes,benchmark,Unknown,Unknown,Unknown,Unknown,Likely,2026-09-15
eo_2017_inria_aerial_image_labeling,INRIA Aerial Image Labeling,,2017,2017,Building segmentation,,Aerial,Optical,Optical,Single-date,Image,360,Unknown,See annotation_type,Multiple locations,Masks,benchmark,Unknown,Unknown,Unknown,Unknown,Likely,2026-09-15
eo_2017_kaggle_planet_understanding_the_amazon,Kaggle Planet: Understanding the Amazon,,2017,2017,Multi-label land-use classification,,Satellite,Optical,Optical,Single-date,Image,150000,Unknown,See annotation_type,Brazil,Labels; 12 classes,benchmark,Unknown,Unknown,Unknown,Unknown,Likely,2026-09-15
eo_2017_opensarship,OpenSARShip,,2017,2017,SAR ship classification,,Satellite,SAR,SAR,Single-date,Image,11346,Unknown,See annotation_type,China,Labels; 17 classes,benchmark,Unknown,Unknown,Unknown,Unknown,Likely,2026-09-15
eo_2017_rsd46_whu,RSD46-WHU,,2017,2017,Scene classification,,Satellite,Optical,Optical,Single-date,Image,117000,Unknown,See annotation_type,Global,Labels; 46 classes,benchmark,Unknown,Unknown,Unknown,Unknown,Likely,2026-09-15
eo_2017_rsi_cb128,RSI-CB128,,2017,2017,Scene classification,,Satellite,Optical,Optical,Single-date,Image,36000,Unknown,See annotation_type,Global,Labels; 45 classes,benchmark,Unknown,Unknown,Unknown,Unknown,Likely,2026-09-15
eo_2017_rsi_cb256,RSI-CB256,,2017,2017,Scene classification,,Satellite,Optical,Optical,Single-date,Image,24000,Unknown,See annotation_type,Global,Labels; 35 classes,benchmark,Unknown,Unknown,Unknown,Unknown,Likely,2026-09-15
eo_2017_rsicd,RSICD,,2017,2017,Remote-sensing image captioning,,Satellite,Optical; text,Optical; text,Single-date,Image-text pair,10921,Unknown,See annotation_type,Global,Captions,benchmark,Unknown,Unknown,Unknown,Unknown,Likely,2026-09-15
eo_2017_spacenet_2,SpaceNet 2,,2017,2017,Building-footprint instance segmentation,,Satellite,WorldView-3,RGB; multispectral,Single-date,Image,"14,119",Unknown,See annotation_type,Multiple locations,Building masks/vectors,benchmark,CC-BY-SA-4.0,https://docs.torchgeo.org/en/stable/api/datasets.html,Unknown,Unknown,Verified,2026-09-15
eo_2017_spacenet_3,SpaceNet 3,,2017,2017,Road/building mapping,,Satellite,WorldView-3,RGB; multispectral,Single-date,Image,"3,477",Unknown,See annotation_type,Multiple locations,Road/building masks/vectors,benchmark,CC-BY-SA-4.0,https://docs.torchgeo.org/en/stable/api/datasets.html,Unknown,Unknown,Verified,2026-09-15
eo_2017_ssdd,SSDD,,2017,2017,SAR ship detection,,Satellite,SAR,SAR,Single-date,Image,1160,Unknown,See annotation_type,Global,Boxes,benchmark,Unknown,Unknown,Unknown,Unknown,Likely,2026-09-15
eo_2018_aicd,AICD,,2018,2018,Change detection,,Aerial,Optical,Optical,Multitemporal,Image pair,1000,Unknown,See annotation_type,Synthetic,Masks,benchmark,Unknown,Unknown,Unknown,Unknown,Likely,2026-09-15
eo_2018_aid,AID++,,2018,2018,Scene classification,,Satellite,Optical,Optical,Single-date,Image,400000,Unknown,See annotation_type,Unknown,Labels; 46 classes,benchmark,Unknown,Unknown,Unknown,Unknown,Likely,2026-09-15
eo_2018_airbus_ship_detection,Airbus Ship Detection,,2018,2018,Ship segmentation,,Satellite,Optical,Optical,Single-date,Image,192556,Unknown,See annotation_type,Unknown,Masks,benchmark,Unknown,Unknown,Unknown,Unknown,Likely,2026-09-15
eo_2018_deepglobe_road_extraction,DeepGlobe Road Extraction,,2018,2018,Road segmentation,,Satellite,Optical,Optical,Single-date,Image,8570,Unknown,See annotation_type,Global,Masks; binary,benchmark,Unknown,Unknown,Unknown,Unknown,Likely,2026-09-15
eo_2018_dota,DOTA,,2018,2018,Oriented object detection,,Aerial,Optical,Optical,Single-date,Image,2806,Unknown,See annotation_type,Global,Oriented boxes; 15 classes,benchmark,Unknown,Unknown,Unknown,Unknown,Likely,2026-09-15
eo_2018_eurosat,EuroSAT,,2018,2018,Land-use/land-cover classification,,Satellite,Sentinel-2,Sentinel-2,Single-date,Patch,27000×13,Unknown,See annotation_type,Europe,Labels; 10 classes,benchmark,Unknown,Unknown,Unknown,Unknown,Likely,2026-09-15
eo_2018_fmow,fMoW,,2018,2018,Functional-map classification,,Satellite,Multiple commercial/public satellite sources,Optical; metadata,Single-date,Image,~1M,0.5–153 m,See annotation_type,Global,Labels; 63 classes,benchmark,Custom / research terms,Unknown,Unknown,Unknown,Verified,2026-09-15
eo_2018_gaofen_image_dataset_gid,Gaofen Image Dataset (GID),,2018,2018,Land-cover classification,,Satellite,Multispectral,Multispectral,Single-date,Scene,150,Unknown,See annotation_type,China,Masks; 15 classes,benchmark,Unknown,Unknown,Unknown,Unknown,Likely,2026-09-15
eo_2018_masati_v2,MASATI-v2,,2018,2018,Maritime scene classification,,Satellite,Optical,Optical,Single-date,Image,7389,Unknown,See annotation_type,Global,Labels; 7 classes,benchmark,Unknown,Unknown,Unknown,Unknown,Likely,2026-09-15
eo_2018_oneracd,OneraCD,,2018,2018,Change detection,,Satellite,Multispectral,Multispectral,Multitemporal,Image pair,24,Unknown,See annotation_type,Global,Masks; binary,benchmark,Unknown,Unknown,Unknown,Unknown,Likely,2026-09-15
eo_2018_patternnet,PatternNet,,2018,2018,Scene classification,,Satellite,Google Earth,Google Earth,Single-date,Image,30400,0.06–5 m,See annotation_type,USA,Labels; 38 classes,benchmark,CC-BY-4.0,Unknown,Unknown,Unknown,Verified,2026-09-15
eo_2018_spacenet_4,SpaceNet 4,,2018,2018,Off-nadir building-footprint extraction,,Satellite,WorldView-2,RGB; multispectral,Single-date,Image,"1,991",Unknown,See annotation_type,USA,Building masks/vectors,benchmark,CC-BY-SA-4.0,https://docs.torchgeo.org/en/stable/api/datasets.html,Unknown,Unknown,Verified,2026-09-15
eo_2018_synthetic_and_real_change_detection,Synthetic and Real Change Detection,,2018,2018,Change detection,,Aerial,Optical,Optical,Single-date,Image pair,16000,Unknown,See annotation_type,Synthetic,Masks,benchmark,Unknown,Unknown,Unknown,Unknown,Likely,2026-09-15
eo_2018_whu_building,WHU Building,,2018,2018,Building extraction,,Aerial,Optical,Optical,Single-date,Image,25577,Unknown,See annotation_type,New Zealand,Masks,benchmark,Unknown,Unknown,Unknown,Unknown,Likely,2026-09-15
eo_2018_xview,xView,,2018,2018,Object detection,,Satellite,Optical,Optical,Single-date,Image,1413,Unknown,See annotation_type,Global,Boxes; 60 classes,benchmark,Unknown,Unknown,Unknown,Unknown,Likely,2026-09-15
eo_2018_xview2,xView2,,2018,2018,Damage assessment / change detection,,Satellite,Optical,Optical,Multitemporal,Image pair,22068,Unknown,See annotation_type,Multiple locations,Building damage masks; 4 classes,benchmark,Unknown,Unknown,Unknown,Unknown,Likely,2026-09-15
eo_2019_bigearthnet_mm,BigEarthNet-MM,,2019,2019,Multi-label land-cover classification,,Satellite,Sentinel-1; Sentinel-2,Sentinel-1; Sentinel-2,Single-date,Patch,590326×12,Unknown,See annotation_type,Europe,Multi-label classes,benchmark,Unknown,Unknown,Unknown,Unknown,Likely,2026-09-15
eo_2019_chesapeake_land_cover,Chesapeake Land Cover,,2019,2019,Land-cover segmentation,,Satellite,Multispectral,Multispectral,Single-date,Patch,250000,Unknown,See annotation_type,USA,Masks; 16 classes,benchmark,Unknown,Unknown,Unknown,Unknown,Likely,2026-09-15
eo_2019_dior,DIOR,,2019,2019,Object detection,,Satellite,Optical,Optical,Single-date,Image,23463,Unknown,See annotation_type,Unknown,Boxes; 20 classes,benchmark,Unknown,Unknown,Unknown,Unknown,Likely,2026-09-15
eo_2019_dota_v1_5,DOTA v1.5,,2019,2019,Oriented object detection,,Aerial,Optical,Optical,Single-date,Image,2806,Unknown,See annotation_type,Global,Oriented boxes; 16 classes,benchmark,Unknown,Unknown,Unknown,Unknown,Likely,2026-09-15
eo_2019_hrscd,HRSCD,,2019,2019,Change detection,,Aerial,Optical,Optical,Multitemporal,Image pair,582,Unknown,See annotation_type,Europe,Masks; 7 classes,benchmark,Unknown,Unknown,Unknown,Unknown,Likely,2026-09-15
eo_2019_icones_hsi,ICONES-HSI,,2019,2019,Scene classification,,Aerial,Hyperspectral,Hyperspectral,Single-date,Patch,468×224,Unknown,See annotation_type,Unknown,Labels; 9 classes,benchmark,Unknown,Unknown,Unknown,Unknown,Likely,2026-09-15
eo_2019_mts_wh,MtS-WH,,2019,2019,Change detection,,Satellite,Optical,Optical,Multitemporal,Image pair,190,Unknown,See annotation_type,China,Masks; binary,benchmark,Unknown,Unknown,Unknown,Unknown,Likely,2026-09-15
eo_2019_sen12ms,SEN12MS,,2019,2019,Multimodal representation learning,,Satellite,Sentinel-1; Sentinel-2; MODIS,SAR; multispectral,Single-date,Patch,180662,10 m,See annotation_type,Global,Paired imagery/weak labels,mixed,CC-BY-4.0,Unknown,Unknown,Unknown,Verified,2026-09-15
eo_2019_slovenialandcover,SloveniaLandCover,,2019,2019,Land-cover classification,,Satellite,Multispectral,Multispectral,Single-date,Image,940,Unknown,See annotation_type,Slovenia,Labels; 10 classes,benchmark,Unknown,Unknown,Unknown,Unknown,Likely,2026-09-15
eo_2019_so2sat_lcz42,So2Sat LCZ42,,2019,2019,Local climate-zone classification,,Satellite,Sentinel-1; Sentinel-2,SAR; multispectral,Single-date,Patch,400673,10 m,See annotation_type,Global,LCZ labels,benchmark,CC-BY-4.0,Unknown,Unknown,Unknown,Verified,2026-09-15
eo_2019_spacenet_5,SpaceNet 5,,2019,2019,Road-network extraction,,Satellite,WorldView-3,RGB; multispectral,Single-date,Image,"2,588",Unknown,See annotation_type,Multiple locations,Road vectors,benchmark,CC-BY-SA-4.0,https://docs.torchgeo.org/en/stable/api/datasets.html,Unknown,Unknown,Verified,2026-09-15
eo_2020_agriculture_vision,Agriculture-Vision,,2020,2020,Agricultural anomaly segmentation,,Aerial,Multispectral,Multispectral,Single-date,Image,94986,Unknown,See annotation_type,USA,Masks; 6 classes,benchmark,Unknown,Unknown,Unknown,Unknown,Likely,2026-09-15
eo_2020_airound,AiRound,,2020,2020,Scene classification,,Multiple,Multiple,Multiple,Single-date,Image,11753,Unknown,See annotation_type,Global,Labels; 11 classes,benchmark,Unknown,Unknown,Unknown,Unknown,Likely,2026-09-15
eo_2020_bijie_landslide,Bijie Landslide,,2020,2020,Landslide detection,,Satellite,Multiple,Multiple,Single-date,Image,2773,Unknown,See annotation_type,China,Labels; binary,benchmark,Unknown,Unknown,Unknown,Unknown,Likely,2026-09-15
eo_2020_brazildam,BrazilDAM,,2020,2020,Dam detection,,Satellite,Multiple,Multiple,Single-date,Image,769,Unknown,See annotation_type,Brazil,Masks; binary,benchmark,Unknown,Unknown,Unknown,Unknown,Likely,2026-09-15
eo_2020_cv_brct,CV-BrCT,,2020,2020,Scene classification,,Multiple,Optical,Optical,Single-date,Image,24000,Unknown,See annotation_type,Brazil,Labels; 9 classes,benchmark,Unknown,Unknown,Unknown,Unknown,Likely,2026-09-15
eo_2020_cv4a_kenya,CV4A Kenya,,2020,2020,Land-cover classification,,Satellite,Multispectral,Multispectral,Multitemporal,Image,8788,Unknown,See annotation_type,Kenya,Labels; 7 classes,benchmark,Unknown,Unknown,Unknown,Unknown,Likely,2026-09-15
eo_2020_dota_v2_0,DOTA v2.0,,2020,2020,Oriented object detection,,Aerial,Optical,Optical,Single-date,Image,11268,Unknown,See annotation_type,Global,Oriented boxes; 18 classes,benchmark,Unknown,Unknown,Unknown,Unknown,Likely,2026-09-15
eo_2020_dsifn,DSIFN,,2020,2020,Change detection,,Satellite,Optical,Optical,Multitemporal,Image pair,394,Unknown,See annotation_type,China,Masks; binary,benchmark,Unknown,Unknown,Unknown,Unknown,Likely,2026-09-15
eo_2020_fair1m,FAIR1M,,2020,2020,Fine-grained oriented object detection,,Satellite,Optical,Optical,Single-date,Image,15266,Unknown,See annotation_type,Global,Oriented boxes; 37 classes,benchmark,Unknown,Unknown,Unknown,Unknown,Likely,2026-09-15
eo_2020_flame,FLAME,,2020,2020,Fire segmentation,,Drone,Multispectral,Multispectral,Multitemporal,Image,47992,Unknown,See annotation_type,USA,Masks; 2 classes,benchmark,Unknown,Unknown,Unknown,Unknown,Likely,2026-09-15
eo_2020_fmow_sentinel,fMoW-Sentinel,Functional Map of the World Sentinel,2020,2026,Functional-map classification,Domain transfer; scene classification,Satellite,Sentinel-2,Multispectral; metadata,Multitemporal,Location/time series,~1M location-linked samples,10 m,Functional Map of the World classes,Global,Class labels; metadata,benchmark,Unknown,https://docs.torchgeo.org/en/stable/api/datasets.html,Unknown,https://docs.torchgeo.org/en/stable/api/datasets.html,Verified,2026-09-15
eo_2020_fusar_map,FUSAR-Map,,2020,2020,SAR semantic segmentation,,Satellite,SAR,SAR,Single-date,Image,610,Unknown,See annotation_type,China,Masks; 4 classes,benchmark,Unknown,Unknown,Unknown,Unknown,Likely,2026-09-15
eo_2020_hi_ucd,Hi-UCD,,2020,2020,Change detection,,Aerial,Optical,Optical,Multitemporal,Image pair,1293,Unknown,See annotation_type,Estonia,Masks; 9 classes,benchmark,Unknown,Unknown,Unknown,Unknown,Likely,2026-09-15
eo_2020_landcoverai,LandCoverAI,,2020,2020,Land-cover segmentation,,Aerial,Optical,Optical,Single-date,Scene,41,0.25–0.5 m,See annotation_type,Poland,Masks,benchmark,CC-BY-NC-SA-4.0,Unknown,Unknown,Unknown,Verified,2026-09-15
eo_2020_landcovernet,LandCoverNet,,2020,2020,Land-cover classification,,Satellite,Multispectral,Multispectral,Multitemporal,Patch,8934 total,Unknown,See annotation_type,Global,Masks; 7 classes,benchmark,Unknown,Unknown,Unknown,Unknown,Likely,2026-09-15
eo_2020_levir_cd,LEVIR-CD,,2020,2020,Change detection,,Satellite,Google Earth,Google Earth,Bi-temporal,Image pair,637 pairs,Unknown,See annotation_type,USA,Change masks; binary,benchmark,Unknown,Unknown,Unknown,Unknown,Likely,2026-09-15
eo_2020_mlrsnet,MLRSNet,,2020,2020,Multi-label scene classification,,Satellite,Optical,Optical,Single-date,Image,109161,Unknown,See annotation_type,Global,Labels; 46 classes,benchmark,Unknown,Unknown,Unknown,Unknown,Likely,2026-09-15
eo_2020_rareplanes,RarePlanes,,2020,2020,Aircraft detection,,Satellite,Optical,Optical,Single-date,Image,713348,Unknown,See annotation_type,Global,Boxes; 110 classes,benchmark,Unknown,Unknown,Unknown,Unknown,Likely,2026-09-15
eo_2020_s2mtcitypair,S2MTcityPair,,2020,2020,Change detection,,Satellite,Multispectral,Multispectral,Multitemporal,Image pair,1520×13,Unknown,See annotation_type,Global,Masks; binary,benchmark,Unknown,Unknown,Unknown,Unknown,Likely,2026-09-15
eo_2020_second,SECOND,,2020,2020,Change detection,,Satellite,Optical,Optical,Multitemporal,Image pair,4662,Unknown,See annotation_type,China,Masks; 30 classes,benchmark,Unknown,Unknown,Unknown,Unknown,Likely,2026-09-15
eo_2020_spacenet_6,SpaceNet 6,,2020,2020,Building-footprint extraction,,Satellite,WorldView-2,WorldView-2,Single-date,Image,"5,462",Unknown,See annotation_type,Netherlands,Polygons/masks,benchmark,CC-BY-SA-4.0,https://docs.torchgeo.org/en/stable/api/datasets.html,Unknown,Unknown,Verified,2026-09-15
eo_2020_spacenet_7,SpaceNet 7,,2020,2020,Multi-temporal building detection/change analysis,,Satellite,Planet Dove,Planet Dove,Multitemporal,Image,"1,889",Unknown,See annotation_type,Global,Building masks/vectors,benchmark,CC-BY-SA-4.0,https://docs.torchgeo.org/en/stable/api/datasets.html,Unknown,Unknown,Verified,2026-09-15
eo_2020_visdrone,VisDrone,,2020,2020,Object detection,,Drone,Optical,Optical,Multitemporal,Image,275437,Unknown,See annotation_type,China,Boxes,benchmark,Unknown,Unknown,Unknown,Unknown,Likely,2026-09-15
eo_2021_2019_mali_croptype,2019 Mali CropType,,2021,2021,Crop-type classification,,Satellite,Multispectral,Multispectral,Multitemporal,Time series,33×13×41,Unknown,See annotation_type,Mali,Labels; 4 classes,benchmark,Unknown,Unknown,Unknown,Unknown,Likely,2026-09-15
eo_2021_africa_minicubes,Africa MiniCubes,,2021,2021,EO representation learning,,Satellite,Multiple,Multiple,Multitemporal,Data cube,Not reported,Unknown,See annotation_type,Africa,Mixed/SSL,pretraining,Unknown,Unknown,Unknown,Unknown,Likely,2026-09-15
eo_2021_benin_smallholder,Benin Smallholder,SmallholderPlant; Benin Smallholder Crop Dataset,2021,2026,Crop segmentation,Smallholder crop mapping,Satellite,Sentinel-2,Multispectral,Multitemporal,Patch/time series,"7,081",10 m,Crop/land-cover classes,Benin,Segmentation masks,benchmark,CC-BY-4.0,https://docs.torchgeo.org/en/stable/api/datasets.html,Unknown,https://docs.torchgeo.org/en/stable/api/datasets.html,Verified,2026-09-15
eo_2021_cancropland,CanCropland,,2021,2021,Crop-type classification,,Satellite,Multispectral,Multispectral,Single-date,Patch,78536×15,Unknown,See annotation_type,Canada,Labels; 10 classes,benchmark,Unknown,Unknown,Unknown,Unknown,Likely,2026-09-15
eo_2021_croprotation,CropRotation,,2021,2021,Crop rotation prediction,,Satellite,Multispectral,Multispectral,Multitemporal,Time series,Not reported,Unknown,See annotation_type,France,Crop labels,benchmark,Unknown,Unknown,Unknown,Unknown,Likely,2026-09-15
eo_2021_denethor,DENETHOR,,2021,2021,Land-cover classification,,Satellite,Multispectral,Multispectral,Multitemporal,Time series,2×(365 + 60×14),Unknown,See annotation_type,Germany,Labels; 9 classes,benchmark,Unknown,Unknown,Unknown,Unknown,Likely,2026-09-15
eo_2021_dfc21_msd,DFC21-MSD,,2021,2021,Change detection,,Aerial,Multiple,Multiple,Multiple,Image pair,2250×9,Unknown,See annotation_type,USA,Masks; 15 classes,benchmark,Unknown,Unknown,Unknown,Unknown,Likely,2026-09-15
eo_2021_dronevehicle,DroneVehicle,,2021,2021,Vehicle detection,,Drone,RGB; thermal,RGB; thermal,Single-date,Image,56878,Unknown,See annotation_type,China,Boxes; 5 classes,benchmark,Unknown,Unknown,Unknown,Unknown,Likely,2026-09-15
eo_2021_earthnet2021,EarthNet2021,,2021,2021,Earth-surface forecasting,,Satellite,Multispectral,Multispectral,Multitemporal,Time series,32000,Unknown,See annotation_type,Global,Forecast targets,benchmark,Unknown,Unknown,Unknown,Unknown,Likely,2026-09-15
eo_2021_loveda,LoveDA,,2021,2021,Land-cover semantic segmentation,,Satellite,Google Earth,Google Earth,Single-date,Image,5987,0.3 m,See annotation_type,China,Masks; 7 classes,benchmark,CC-BY-NC-SA-4.0,Unknown,Unknown,Unknown,Verified,2026-09-15
eo_2021_marida,MARIDA,,2021,2021,Marine debris detection,,Satellite,Multispectral,Multispectral,Single-date,Patch,1381×10,Unknown,See annotation_type,Global,Masks; 15 classes,benchmark,Unknown,Unknown,Unknown,Unknown,Likely,2026-09-15
eo_2021_multiscene,MultiScene,,2021,2021,Scene classification,,Aerial,Optical,Optical,Single-date,Image,100000,Unknown,See annotation_type,Global,Labels; 36 classes,benchmark,Unknown,Unknown,Unknown,Unknown,Likely,2026-09-15
eo_2021_muno21,MUNO21,,2021,2021,Change detection,,Aerial,Optical,Optical,Multitemporal,Image pair,156,Unknown,See annotation_type,USA,Masks,benchmark,Unknown,Unknown,Unknown,Unknown,Likely,2026-09-15
eo_2021_naip_chesapeake_cvpr,NAIP Chesapeake CVPR,,2021,2026,Land-cover segmentation,Regional generalization,Aerial,NAIP; NLCD; OSM,Optical; auxiliary labels,Single-date,Raster tile,Regional raster archive,1 m,Land-cover classes,"Chesapeake Bay, USA",Segmentation masks,benchmark,CC-BY-4.0,https://docs.torchgeo.org/en/stable/api/datasets.html,Unknown,https://docs.torchgeo.org/en/stable/api/datasets.html,Verified,2026-09-15
eo_2021_naip_chesapeake_nyc,NAIP Chesapeake NYC,,2021,2026,Land-cover segmentation,Urban/regional generalization,Aerial,NAIP; NLCD; OSM,Optical; auxiliary labels,Single-date,Raster tile,Regional raster archive,1 m,Land-cover classes,"New York City / Chesapeake, USA",Segmentation masks,benchmark,CC-BY-4.0,https://docs.torchgeo.org/en/stable/api/datasets.html,Unknown,https://docs.torchgeo.org/en/stable/api/datasets.html,Verified,2026-09-15
eo_2021_pastis,PASTIS,,2021,2021,Crop classification/segmentation,,Satellite,Sentinel-1; Sentinel-2,Sentinel-1; Sentinel-2,Multitemporal,Time series,2433×45×10,Unknown,See annotation_type,France,Masks; 18 classes,benchmark,Unknown,Unknown,Unknown,Unknown,Likely,2026-09-15
eo_2021_rsitmd,RSITMD,,2021,2021,Remote-sensing image captioning,,Satellite,Optical; text,Optical; text,Single-date,Image-text pair,4743,Unknown,See annotation_type,Global,Captions,benchmark,Unknown,Unknown,Unknown,Unknown,Likely,2026-09-15
eo_2021_s2looking,S2Looking,,2021,2021,Change detection,,Satellite,Optical,Optical,Multitemporal,Image pair,5000×2,Unknown,See annotation_type,Unknown,Masks; binary,benchmark,Unknown,Unknown,Unknown,Unknown,Likely,2026-09-15
eo_2021_seco,SeCo,Seasonal Contrast,2021,2026,Self-supervised EO learning,Seasonal contrastive representation learning,Satellite,Sentinel-2,Multispectral,Seasonal,Patch/time series,~200K–1M (component/version dependent),10 m,Unlabelled / SSL,Global,Unlabelled imagery,pretraining,CC-BY-4.0,https://docs.torchgeo.org/en/stable/api/datasets.html,Unknown,https://docs.torchgeo.org/en/stable/api/datasets.html,Verified,2026-09-15
eo_2021_sen4agrinet,Sen4AgriNet,,2021,2021,Crop-type classification,,Satellite,Multispectral,Multispectral,Multitemporal,Time series,Not reported,Unknown,See annotation_type,France; Spain,Crop labels,benchmark,Unknown,Unknown,Unknown,Unknown,Likely,2026-09-15
eo_2021_sysu_cd,SYSU-CD,,2021,2021,Change detection,,Satellite,Optical,Optical,Multitemporal,Image pair,20000×2,Unknown,See annotation_type,China,Masks; 5 classes,benchmark,Unknown,Unknown,Unknown,Unknown,Likely,2026-09-15
eo_2021_xview3_sar,xView3-SAR,,2021,2021,SAR vessel detection,,Satellite,SAR,SAR,Single-date,Scene,991×2,Unknown,See annotation_type,Global,Objects; 2 classes,benchmark,Unknown,Unknown,Unknown,Unknown,Likely,2026-09-15
eo_2021_zuericrop,ZueriCrop,,2021,2021,Crop-type classification,,Satellite,Multispectral,Multispectral,Multitemporal,Time series,28000×71,Unknown,See annotation_type,Switzerland,Labels; 48 classes,benchmark,Unknown,Unknown,Unknown,Unknown,Likely,2026-09-15
eo_2022_agrifieldnet,AgriFieldNet,,2022,2022,Crop segmentation,,Satellite,Multispectral,Multispectral,Single-date,Patch,1217×12,Unknown,See annotation_type,India,Masks; 13 classes,benchmark,Unknown,Unknown,Unknown,Unknown,Likely,2026-09-15
eo_2022_ai4arctic_sea_ice,AI4Arctic Sea Ice,,2022,2022,Sea-ice mapping,,Satellite,SAR,SAR,Single-date,Scene,Not reported,Unknown,See annotation_type,Arctic,Masks/labels,benchmark,Unknown,Unknown,Unknown,Unknown,Likely,2026-09-15
eo_2022_argo,ARGO,,2022,2022,Agricultural segmentation,,Satellite,Multispectral,Multispectral,Single-date,Image,1750,Unknown,See annotation_type,Unknown,Masks; 2 classes,benchmark,Unknown,Unknown,Unknown,Unknown,Likely,2026-09-15
eo_2022_cloudsen12,CloudSEN12,CloudSEN12; OnCloudN,2022,2026,Cloud segmentation,Cloud detection,Satellite,Sentinel-2,Multispectral,Single-date,Image,"22,728",10 m,Cloud masks,Africa,Segmentation masks,benchmark,CC-BY-4.0,https://docs.torchgeo.org/en/stable/api/datasets.html,Unknown,https://docs.torchgeo.org/en/stable/api/datasets.html,Verified,2026-09-15
eo_2022_dynamicearthnet,DynamicEarthNet,,2022,2022,Change detection / semantic segmentation,,Satellite,Multispectral,Multispectral,Multitemporal,Image/time series,54750,Unknown,See annotation_type,Global,Masks; 7 classes,benchmark,Unknown,Unknown,Unknown,Unknown,Likely,2026-09-15
eo_2022_flair_1,FLAIR #1,,2022,2022,Land-cover segmentation,,Aerial,Optical,Optical,Single-date,Image,77412,Unknown,See annotation_type,France,Masks; 13 classes,benchmark,Unknown,Unknown,Unknown,Unknown,Likely,2026-09-15
eo_2022_landslide4sense,Landslide4Sense,,2022,2022,Landslide segmentation,,Satellite,Multiple,Multiple,Single-date,Patch,4844×14,10 m,See annotation_type,Global,Masks,benchmark,CC-BY-SA-4.0,Unknown,Unknown,Unknown,Verified,2026-09-15
eo_2022_mmflood,MMFlood,,2022,2022,Flood segmentation,,Satellite,SAR,SAR,Multitemporal,Image pair,1748×2,Unknown,See annotation_type,Global,Masks,benchmark,Unknown,Unknown,Unknown,Unknown,Likely,2026-09-15
eo_2022_openearthmap,OpenEarthMap,,2022,2022,Land-cover semantic segmentation,,Satellite,Optical,Optical,Single-date,Image,5000,Unknown,See annotation_type,Global,Masks; 8 classes,benchmark,Unknown,Unknown,Unknown,Unknown,Likely,2026-09-15
eo_2022_opensentinelmap,OpenSentinelMap,,2022,2022,Land-cover semantic segmentation,,Satellite,Multispectral,Multispectral,Multitemporal,Patch,137045,Unknown,See annotation_type,Global,Masks; 15 classes,benchmark,Unknown,Unknown,Unknown,Unknown,Likely,2026-09-15
eo_2022_s2_agri,S2-Agri,,2022,2022,Agriculture mapping,,Satellite,Multispectral,Multispectral,Multitemporal,Time series,Not reported,Unknown,See annotation_type,Unknown,Labels,benchmark,Unknown,Unknown,Unknown,Unknown,Likely,2026-09-15
eo_2022_seasonet,SeasoNet,,2022,2022,Land-cover classification,,Satellite,Sentinel-2,Multispectral,Single-date,Patch,1759830,10 m,See annotation_type,Germany,Labels; 33 classes,benchmark,CC-BY-4.0,Unknown,Unknown,Unknown,Verified,2026-09-15
eo_2022_spacenet_8,SpaceNet 8,,2022,2022,Flood-related building and road mapping,,Satellite,Maxar,Maxar,Multitemporal,Image pair,"1,289",Unknown,See annotation_type,Multiple locations,Masks; 2 classes,benchmark,CC-BY-SA-4.0,https://docs.torchgeo.org/en/stable/api/datasets.html,Unknown,Unknown,Verified,2026-09-15
eo_2022_ssl4eo_s12,SSL4EO-S12,,2022,2022,Self-supervised EO learning,,Satellite,Sentinel-1; Sentinel-2,SAR; multispectral,Multitemporal,Patch/time series,251079,10 m,See annotation_type,Global,Unlabelled / SSL,pretraining,CC-BY-4.0,Unknown,Unknown,Unknown,Verified,2026-09-15
eo_2022_treesatai,TreeSatAI,,2022,2022,Tree-species classification,,Multiple,Multispectral,Multispectral,Single-date,Patch,50381,Unknown,See annotation_type,Germany,Labels; 47 classes,benchmark,Unknown,Unknown,Unknown,Unknown,Likely,2026-09-15
eo_2023_cyclone,Cyclone,,2023,2026,Tropical cyclone intensity estimation,Cyclone classification; regression,Satellite,Himawari,Optical/infrared,Multitemporal,Image/time series,"189,364","5,000 m",Cyclone intensity targets,Global,Class and regression targets,benchmark,CC-BY-4.0,https://docs.torchgeo.org/en/stable/api/datasets.html,Unknown,https://docs.torchgeo.org/en/stable/api/datasets.html,Verified,2026-09-15
eo_2023_levir_cd,LEVIR-CD+,LEVIR-CD Plus,2023,2026,Building change detection,Bi-temporal segmentation,Satellite,Google Earth,Optical,Bi-temporal,Image pair,985 pairs,0.5 m,Binary building change,Multiple locations,Change masks,benchmark,Unknown,https://docs.torchgeo.org/en/stable/api/datasets.html,Unknown,https://docs.torchgeo.org/en/stable/api/datasets.html,Verified,2026-09-15
eo_2023_osm_land_use,OSM Land Use,,2023,2026,Land-use segmentation,Land-use classification,Satellite,Sentinel-2; OpenStreetMap,Multispectral; vector,Single-date,Patch,"27,000",10 m,OSM land-use labels,Multiple locations,Segmentation masks / vector-derived labels,benchmark,CC-BY-4.0,https://docs.torchgeo.org/en/stable/api/datasets.html,Unknown,https://docs.torchgeo.org/en/stable/api/datasets.html,Verified,2026-09-15
eo_2023_safran,SAFRAN,,2023,2026,Forest segmentation,Tropical forest mapping,Satellite,PlanetScope,Multispectral,Single-date,Image,70,4.7 m,Forest-related labels,Multiple locations,Segmentation masks,benchmark,NICFI + CC-BY-4.0,https://docs.torchgeo.org/en/stable/api/datasets.html,Unknown,https://docs.torchgeo.org/en/stable/api/datasets.html,Verified,2026-09-15
eo_2023_satlaspretrain,SatlasPretrain,,2023,2026,Foundation-model pretraining,Multitask EO representation learning,Multiple,NAIP; Landsat; Sentinel and other sources,Multimodal,Mixed,Image/patch,302M,Varies,Mixed task labels,Global,Mixed labels/imagery,pretraining,Mixed licence bundle,https://docs.torchgeo.org/en/stable/api/datasets.html,Unknown,https://docs.torchgeo.org/en/stable/api/datasets.html,Verified,2026-09-15
eo_2023_southamericabuildings,SouthAmericaBuildings,,2023,2026,Building segmentation,Building footprint extraction,Satellite,Satellite imagery,Optical,Single-date,Image,272,10 m,Building masks,South America,Segmentation masks,benchmark,CC-BY-NC-4.0,https://docs.torchgeo.org/en/stable/api/datasets.html,Unknown,https://docs.torchgeo.org/en/stable/api/datasets.html,Verified,2026-09-15
eo_2023_tropicalcyclone,TropicalCyclone,,2023,2026,Tropical-cyclone forecasting,Cyclone intensity prediction,Satellite,GOES 8–16,Optical/infrared,Multitemporal,Image/time series,"108,110",4–8 km,Cyclone targets,Global,Regression/class targets,benchmark,CC-BY-4.0,https://docs.torchgeo.org/en/stable/api/datasets.html,Unknown,https://docs.torchgeo.org/en/stable/api/datasets.html,Verified,2026-09-15
eo_2023_usavarsity,USAVarsity,,2023,2026,Land-cover regression/segmentation,Land-use modelling,Aerial,NAIP,Optical,Single-date,Patch,"~100,000",4 m,Land-cover targets,USA,Regression / segmentation targets,benchmark,CC-BY-4.0,https://docs.torchgeo.org/en/stable/api/datasets.html,Unknown,https://docs.torchgeo.org/en/stable/api/datasets.html,Verified,2026-09-15
eo_2023_westernus3d,WesternUS3D,,2023,2026,3D semantic segmentation,Point-cloud classification,Aerial,Aerial LiDAR / imagery,LiDAR; optical,Single-date,Point cloud/tile,"3,732",0.8 m,Semantic classes,Western USA,Point labels,benchmark,CC-BY-NC-SA-4.0,https://docs.torchgeo.org/en/stable/api/datasets.html,Unknown,https://docs.torchgeo.org/en/stable/api/datasets.html,Verified,2026-09-15
eo_2024_allclear,AllClear,AllClear cloud removal benchmark,2024,2026,Cloud removal,Cloud gap filling; temporal reconstruction,Satellite,Sentinel-1; Sentinel-2; Landsat-8; Landsat-9,SAR; multispectral,Multitemporal,Spatiotemporal sample,"4,354,652 images",10–30 m,Cloud-free target imagery,Global,Paired reconstruction targets,benchmark,Unknown,https://allclear.cs.cornell.edu/,https://papers.nips.cc/paper_files/paper/2024/file/60095e1d7ebb292dbba93c4d8f7b2463-Paper-Datasets_and_Benchmarks_Track.pdf,https://github.com/Zhou-Hangyu/allclear,Verified,2026-09-15
eo_2024_burnintense,BurnIntense,,2024,2026,Burn-severity segmentation,Wildfire impact mapping,Satellite,Sentinel-2,Multispectral,Event-based multitemporal,Patch,424,20 m,Burn severity classes,Multiple locations,Segmentation masks,benchmark,OpenRAIL,https://docs.torchgeo.org/en/stable/api/datasets.html,Unknown,https://docs.torchgeo.org/en/stable/api/datasets.html,Verified,2026-09-15
eo_2024_chatearthnet,ChatEarthNet,,2024,2026,Image captioning,Image-text retrieval; VLM pretraining,Satellite,Sentinel-2,Multispectral; text,Single-date,Image-text pair,"173,488",10 m,Natural-language captions,Global,Caption,mixed,Unknown,https://github.com/ManSkywalker/ChatEarthNet,https://arxiv.org/abs/2402.11325,https://github.com/ManSkywalker/ChatEarthNet,Verified,2026-09-15
eo_2024_earthdial,EarthDial,,2024,2026,EO instruction tuning,Dialogue; VQA; grounding; image understanding,Multiple,RGB; SAR; multispectral; NIR; infrared,Multimodal; text,Mixed,Instruction pair,>11.11M pairs,Varies,Instruction-response pairs,Multiple locations,Instruction/QA,pretraining,Unknown,Unknown,https://arxiv.org/html/2412.15190v1,Unknown,Verified,2026-09-15
eo_2024_enmap_ssl,EnMAP-SSL,,2024,2026,Hyperspectral foundation-model pretraining,Self-supervised representation learning,Satellite,EnMAP,Hyperspectral,Single-date,Scene/patch,"~11,000",30 m,Unlabelled / SSL,Global,Unlabelled imagery,pretraining,CC0-1.0,https://docs.torchgeo.org/en/stable/api/datasets.html,Unknown,https://docs.torchgeo.org/en/stable/api/datasets.html,Verified,2026-09-15
eo_2024_eurocropsml,EuroCropsML,,2024,2026,Few-shot crop-type classification,Crop mapping,Satellite,Sentinel-2,Multispectral,Seasonal,Labeled point/time series,"706,683",10 m,176 crop classes,Europe,Class labels,benchmark,Unknown,https://github.com/dida-do/eurocropsml,Unknown,https://github.com/dida-do/eurocropsml,Verified,2026-09-15
eo_2024_fusu,FUSU,,2024,2026,Land-use change segmentation,Multi-temporal change analysis,Satellite,Sentinel-1; Sentinel-2,SAR; multispectral,Monthly multitemporal,Patch/time series,>30B pixels,10 m,Pixel masks; 17 land-use classes,Multiple locations,Segmentation masks,benchmark,Unknown,Unknown,https://papers.nips.cc/paper_files/paper/2024/file/eeb3df2d70affd52f65ff3b9abb32487-Paper-Datasets_and_Benchmarks_Track.pdf,Unknown,Verified,2026-09-15
eo_2024_hls_burn_scars,HLS Burn Scars,,2024,2026,Burn-scar segmentation,Wildfire impact mapping,Satellite,Harmonized Landsat Sentinel (HLS),Multispectral,Event-based multitemporal,Patch,"~25,000",30 m,Burn scar masks,Multiple locations,Segmentation masks,benchmark,CC0-1.0,https://docs.torchgeo.org/en/stable/api/datasets.html,Unknown,https://docs.torchgeo.org/en/stable/api/datasets.html,Verified,2026-09-15
eo_2024_hls_ireland,HLS Ireland,L7 Irish,2024,2026,Land-cover segmentation,Cloud detection,Satellite,Landsat 7 / HLS,Multispectral,Multitemporal,Scene,206 scenes,15–30 m,Land cover/cloud labels,Ireland,Segmentation masks,benchmark,CC0-1.0,https://docs.torchgeo.org/en/stable/api/datasets.html,Unknown,https://docs.torchgeo.org/en/stable/api/datasets.html,Verified,2026-09-15
eo_2024_hls_l8_biome,HLS L8 Biome,L8 Biome,2024,2026,Land-cover segmentation,Cloud detection,Satellite,Landsat 8 / HLS,Multispectral,Single-date,Scene,96 scenes,15–30 m,Land cover/cloud labels,Multiple biomes,Segmentation masks,benchmark,CC0-1.0,https://docs.torchgeo.org/en/stable/api/datasets.html,Unknown,https://docs.torchgeo.org/en/stable/api/datasets.html,Verified,2026-09-15
eo_2024_m3leo,M3LEO,M3LEO dataset,2024,2026,Multimodal self-supervised learning,Multi-label classification; SAR-optical fusion,Satellite,Sentinel-1; Sentinel-2,SAR; multispectral,Multitemporal,Patch,~10M chips; ~17.5 TB,10 m,Multi-label land-cover targets,Six regions,Labels; aligned modalities,mixed,Unknown,https://github.com/ai4eo/m3leo,https://arxiv.org/abs/2406.04230,https://github.com/ai4eo/m3leo,Verified,2026-09-15
eo_2024_mados,MADOS,Marine Debris Archive for Optical Segmentation,2024,2026,Marine debris segmentation,Marine litter mapping,Satellite,PlanetScope,Multispectral,Single-date,Image,707,3 m,Marine debris classes,Multiple locations,Segmentation masks,benchmark,Apache-2.0,https://docs.torchgeo.org/en/stable/api/datasets.html,Unknown,https://docs.torchgeo.org/en/stable/api/datasets.html,Verified,2026-09-15
eo_2024_majortom_core,MajorTOM-Core,MajorTOM Core; MajorTOM-Core-S2L2A,2024,2026,Foundation-model pretraining,Generative modelling; representation learning,Satellite,Sentinel-1; Sentinel-2; DEM,SAR; multispectral; DEM,Single-season,Patch,~1.4M samples,10 m,Unlabelled/aligned geospatial data,Global,None/auxiliary metadata,pretraining,Unknown,https://github.com/ESA-PhiLab/Major-TOM,Unknown,https://github.com/ESA-PhiLab/Major-TOM,Verified,2026-09-15
eo_2024_mbx,MBX,,2024,2026,Multisensor EO benchmarking,Multitemporal representation learning; sensor fusion,Satellite / aerial,Sentinel-1; Sentinel-2; EnMAP; HySpex,SAR; multispectral; hyperspectral,Multitemporal,Scene,3 scenes,0.3–30 m,Task-specific labels,Multiple locations,Mixed labels,benchmark,CC-BY-SA-4.0,https://docs.torchgeo.org/en/stable/api/datasets.html,Unknown,https://docs.torchgeo.org/en/stable/api/datasets.html,Verified,2026-09-15
eo_2024_mmearth,MMEarth,MMEarth dataset,2024,2026,Multimodal EO representation learning,Transfer learning; modality fusion,Satellite,Sentinel-1; Sentinel-2; DEM; GCHM; LULC,SAR; multispectral; DEM; auxiliary rasters,Multiseasonal,Location/patch,~1.2M,10–30 m,Auxiliary labels,Global,Multimodal aligned data,pretraining,Unknown,https://vishalned.github.io/mmearth/,https://www.ecva.net/papers/eccv_2024/papers_ECCV/papers/08085.pdf,https://github.com/vishalned/MMEarth-train,Verified,2026-09-15
eo_2024_phileo_bench,PhilEO Bench,PhilEO-Bench,2024,2026,Building density estimation,Road segmentation; land-cover classification,Satellite,Sentinel-2,Multispectral,Mixed,Patch,~400 GB,10 m,Building density; roads; land cover,Global,Regression; masks,benchmark,Unknown,https://phileo-bench.github.io/,https://arxiv.org/abs/2401.04464,https://github.com/ESA-PhiLab/PhilEO-Bench,Verified,2026-09-15
eo_2024_skyscript,SkyScript,,2024,2026,EO image-text pretraining,Vision-language modelling; captioning,Multiple,NAIP; orthophotos; Planet SkySat; Sentinel-2; Landsat 8/9,Optical; multispectral; text,Mixed,Image-text pair,5.2M,Varies,Text annotations,Multiple locations,Captions/text,pretraining,MIT,https://docs.torchgeo.org/en/stable/api/datasets.html,Unknown,https://docs.torchgeo.org/en/stable/api/datasets.html,Verified,2026-09-15
eo_2024_solarcube,SolarCube,,2024,2026,Solar-energy forecasting,Spatiotemporal forecasting,Satellite / in-situ,Satellite imagery; in-situ; meteorology,Multimodal,Multitemporal,Data cube/time series,Not reported,Varies,Solar generation/irradiance targets,Not stated,Regression targets,benchmark,Unknown,https://doi.org/10.5281/zenodo.11498739,NeurIPS 2024 Datasets and Benchmarks,https://zenodo.org/records/11498739,Verified,2026-09-15
eo_2024_ssl4eo_l,SSL4EO-L,SSL4EO Landsat; SSL4EO-Landsat,2024,2026,Self-supervised Landsat representation learning,Foundation-model pretraining,Satellite,Landsat 4; Landsat 5; Landsat 7; Landsat 8; Landsat 9,Multispectral,Multitemporal,Patch,~5M patches (version dependent),30 m,Unlabelled / SSL,Global,Unlabelled imagery,pretraining,CC0-1.0,https://docs.torchgeo.org/en/stable/api/datasets.html,Unknown,https://docs.torchgeo.org/en/stable/api/datasets.html,Verified,2026-09-15
eo_2024_urbansarfloods,UrbanSARFloods,,2024,2026,Flood extent mapping,Urban vs open-area flood segmentation,Satellite,Sentinel-1 SLC,SAR,Event-based multitemporal,Chip,"8,879 chips; 18 events",~10 m,Flood masks,Multiple locations,Segmentation masks,benchmark,Unknown,Unknown,CVPRW 2024,Unknown,Verified,2026-09-15
eo_2024_vrsbench,VRSBench,,2024,2026,Remote-sensing vision-language evaluation,Captioning; visual grounding; VQA,Satellite,Optical sources,Optical; text,Single-date,Image-text/QA pair,"29,614 images; 123,221 QA pairs",Varies,Captions; referring expressions; QA,Multiple locations,Caption; referring expression; QA,benchmark,Unknown,https://vrsbench.github.io/,https://papers.nips.cc/paper_files/paper/2024/file/05b7f821234f66b78f99e7803fffa78a-Paper-Datasets_and_Benchmarks_Track.pdf,https://github.com/NNNNAI/VRSBench,Verified,2026-09-15
eo_2025_copernicus_bench,Copernicus-Bench,CopernicusBench,2025,2026,EO foundation-model evaluation,15 Sentinel-based downstream datasets,Satellite,Sentinel-1; Sentinel-2; Sentinel-3; Sentinel-5P,Multimodal,Mixed,Benchmark suite,15 component datasets,Varies,Task-specific,Global/multiple,Mixed labels,benchmark,Unknown,https://huggingface.co/datasets/wangyi111/Copernicus-Bench,https://openaccess.thecvf.com/content/ICCV2025/html/Wang_Towards_a_Unified_Copernicus_Foundation_Model_for_Earth_Vision_ICCV_2025_paper.html,https://huggingface.co/datasets/wangyi111/Copernicus-Bench,Verified,2026-09-15
eo_2025_copernicus_pretrain,Copernicus-Pretrain,Copernicus Pretrain,2025,2026,Copernicus foundation-model pretraining,Multimodal representation learning,Satellite,Sentinel-1; Sentinel-2; Sentinel-3; Sentinel-5P,SAR; multispectral; ocean/atmospheric,Multitemporal,Aligned image set,18.7M aligned images,Varies,Unlabelled/aligned,Global,Aligned imagery,pretraining,Unknown,Unknown,https://openaccess.thecvf.com/content/ICCV2025/html/Wang_Towards_a_Unified_Copernicus_Foundation_Model_for_Earth_Vision_ICCV_2025_paper.html,Unknown,Verified,2026-09-15
eo_2025_earthview,EarthView,,2025,2026,Self-supervised EO learning,Cross-sensor representation learning,Multiple,NEON; Sentinel; Satellogic,Hyperspectral; multispectral; topographic,2017–2022,Image/patch,~15 terapixels,Varies,Unlabelled/SSL,Global,None/auxiliary metadata,pretraining,Unknown,Unknown,https://arxiv.org/abs/2501.08111,Unknown,Verified,2026-09-15
eo_2025_geo_bench_2,GEO-Bench-2,GEO-Bench 2,2025,2026,Foundation-model capability evaluation,Classification; segmentation; regression; detection; instance segmentation,Multiple,19 permissively licensed datasets,Multimodal,Mixed,Benchmark suite,19 datasets,Varies,Mixed labels,Multiple locations,Mixed labels,benchmark,Unknown,Unknown,https://arxiv.org/abs/2511.15658,Unknown,Verified,2026-09-15
eo_2025_ideabench,IDEABench,,2025,2026,Urban deprivation mapping,Informal-settlement/deprived-area mapping,Satellite,Sentinel-1; Sentinel-2; built-up density,SAR; multispectral; auxiliary,Single-date,Patch,"47,476 patches; 8 cities",10 m,Urban deprivation labels,8 global cities,Class/mask labels,benchmark,Unknown,https://doi.org/10.17026/PT/X4NJII,https://research.utwente.nl/en/publications/user-and-data-centric-artificial-intelligence-for-mapping-and-ben/,Unknown,Verified,2026-09-15
eo_2025_landsat_bench,Landsat-Bench,LandsatBench,2025,2026,Landsat foundation-model evaluation,Land-cover and scene classification,Satellite,Landsat,Multispectral,Single-date,Benchmark suite,"EuroSAT-L 27K; BigEarthNet-L 590,326; LC100-L ~21,690",30 m,Task-specific classes,Global/inherited,Class labels,benchmark,Unknown,Unknown,https://arxiv.org/html/2506.08780v1,Unknown,Verified,2026-09-15
eo_2025_openearthmap_sar,OpenEarthMap-SAR,,2025,2026,All-weather land-cover segmentation,SAR land-cover mapping,Satellite,SAR; optical/aerial reference,SAR; optical,Single-date,Image/segment,"~1.5M segments; 5,033 images",Varies,Masks; 8 classes,Japan; France; USA,Segmentation masks,benchmark,Unknown,https://github.com/cliffbb/OpenEarthMap-SAR,Unknown,https://github.com/cliffbb/OpenEarthMap-SAR,Verified,2026-09-15
eo_2025_plantationbench,PlantationBench,,2025,2026,Plantation mapping,Distribution-shift evaluation,Multiple,Multiscale multimodal EO,Optical; SAR; auxiliary,Multitemporal,Location/patch,Not reported,Varies,Hierarchical plantation/forest labels,Africa,Hierarchical labels,benchmark,Unknown,Unknown,https://openaccess.thecvf.com/content/ICCV2025W/SEA/papers/Tsao_PlantationBench_A_Multiscale_Multimodal_Remote_Sensing_Benchmark_for_Plantation_Mapping_ICCVW_2025_paper.pdf,Unknown,Verified,2026-09-15
eo_2025_reobench,REOBench,,2025,2026,Robustness evaluation,Classification; segmentation; detection; captioning; VQA,Multiple,AID; ISPRS Potsdam; DIOR; VRSBench subsets,Optical; text,Shifted/mixed,Benchmark suite,Six evaluation subsets,Varies,Existing task labels,Multiple locations,Mixed labels,benchmark,Unknown,Unknown,https://arxiv.org/html/2505.16793v2,Unknown,Verified,2026-09-15
eo_2025_rscc,RSCC,Remote Sensing Change Caption dataset,2025,2026,Disaster change captioning,Bi-temporal image-to-text generation,Satellite,Optical satellite imagery,Optical; text,Bi-temporal,Image pair-caption,"62,351 pairs; 31 events",Varies,Change captions,Global,Captions,benchmark,Unknown,Unknown,https://papers.nips.cc/paper_files/paper/2025/file/62867024377cac4233195949b9db0ebd-Paper-Datasets_and_Benchmarks_Track.pdf,Unknown,Verified,2026-09-15
eo_2025_ssl4eo_s12_v1_1,SSL4EO-S12 v1.1,,2025,2026,Foundation-model pretraining,Self-supervised multimodal learning,Satellite,Sentinel-1; Sentinel-2,SAR; multispectral,Multiseasonal,Location/time series,"246,144 locations × 4 timestamps",10 m,Unlabelled/SSL,Global,Aligned imagery,pretraining,Unknown,Unknown,https://arxiv.org/abs/2503.00168,Unknown,Verified,2026-09-15
eo_2025_terramesh,TerraMesh,,2025,2026,Multimodal EO foundation-model pretraining,Any-to-any generative EO modelling,Satellite,Sentinel-1; Sentinel-2; DEM; NDVI; LULC,SAR; multispectral; DEM; auxiliary rasters,Multitemporal,Spatial-temporal sample,~9M samples,10 m/varies,Aligned multimodal layers,Global,Aligned multimodal data,pretraining,Unknown,Unknown,https://arxiv.org/html/2504.11172v2,https://github.com/IBM/terramind,Verified,2026-09-15
eo_2026_belde,BELDE,,2026,2026,Land-cover segmentation,European RGB land-cover mapping,Satellite,Sentinel-2; ESA WorldCover,Optical/RGB; multispectral,Single-date,Image-mask pair,"1,088,385 pairs",10 m,Masks; 7 classes,Europe,Segmentation masks,benchmark,Unknown,Unknown,https://arxiv.org/abs/2606.20909,Unknown,Verified,2026-09-15
eo_2026_bigearthnet_txt,BigEarthNet.txt,BigEarthNet dot txt,2026,2026,EO vision-language learning,Captioning; VQA; referring expression detection,Satellite,Sentinel-1; Sentinel-2,SAR; multispectral; text,Single-date,Image-text pair,"464,044 pairs; ~9.6M text annotations",10 m,Text annotations and tasks,Europe,Captions; QA; referring expressions,mixed,Unknown,https://txt.bigearth.net/,https://arxiv.org/abs/2603.29630,https://huggingface.co/datasets/cs-Nikhil/BigEarthNet.txt,Verified,2026-09-15
eo_2026_chronoearth_492k,ChronoEarth-492K,,2026,2026,Long-horizon EO understanding,"Static, short- and long-horizon temporal tasks",Satellite,Hyperspectral and geospatial products,Hyperspectral; multisource,Long-horizon,Spatiotemporal sequence,492K,Varies,Task-specific targets,Multiple locations,Mixed targets,mixed,Unknown,Unknown,https://arxiv.org/html/2605.15666v1,Unknown,Verified,2026-09-15
eo_2026_clears,CLeaRS,,2026,2026,Continual EO vision-language learning,"Continual learning across classification, QA, detection, disaster tasks",Multiple,AID; VRSBench; SARDet-100K; SARLANG-1M; DroneVehicle; FireRisk; RescueNet-VQA,Optical; SAR; text,Mixed,Benchmark suite,7 component datasets,Varies,Mixed labels,Multiple locations,Mixed labels,benchmark,Unknown,Unknown,https://arxiv.org/html/2604.00820,Unknown,Verified,2026-09-15
eo_2026_earthshift,EarthShift,,2026,2026,Out-of-distribution EO evaluation,"Temporal, geographic, sensor, scale and resolution shift robustness",Multiple,Multiple EO sources,Multimodal,Shifted/mixed,Benchmark suite,11 tasks; five shift types,Varies,Existing task labels,Multiple locations,Mixed labels,benchmark,Unknown,Unknown,https://arxiv.org/abs/2605.29330v1,Unknown,Verified,2026-09-15
eo_2026_fair_eo_cd_benchmark,FAIR-EO CD Benchmark,,2026,2026,Change detection evaluation,Reproducible EO change-detection benchmarking,Multiple,Multiple EO change-detection datasets,Multimodal,Bi-temporal/mixed,Benchmark suite,Not reported,Varies,Change masks,Multiple locations,Segmentation masks,benchmark,Unknown,https://huggingface.co/bvlabs/FAIR-EO-CD-benchmark,https://arxiv.org/abs/2608.28247,https://huggingface.co/bvlabs/FAIR-EO-CD-benchmark,Verified,2026-09-15
eo_2026_groundset,GroundSet,,2026,2026,Cadastral-grounded spatial understanding,Object identification and spatial reasoning,Aerial/Satellite,High-resolution imagery; vector cadastral data,Optical; vector,Single-date,Image/object,510K images; 3.8M objects; 135 categories,Varies,Object/vector annotations,Multiple locations,Vectors; categories,benchmark,Unknown,Unknown,https://arxiv.org/abs/2603.14609,Unknown,Verified,2026-09-15
eo_2026_levirdet_159,LEVIRDet-159,LEVIRDet,2026,2026,Remote-sensing object detection,Universal detection,Satellite,High-resolution optical imagery,Optical,Single-date,Image,~700K images; 2.56M boxes; 159 categories,Varies,Bounding boxes,Multiple locations,Bounding boxes,benchmark,Unknown,Unknown,https://arxiv.org/abs/2606.25312,Unknown,Verified,2026-09-15
eo_2026_mmearth_bench,MMEarth-Bench,MMEarth Bench,2026,2026,Multimodal EO evaluation,"Adaptation, OOD generalization, test-time learning",Satellite,Multimodal EO,Multimodal,Mixed,Benchmark suite,5 global tasks,Varies,Task labels,Global,Mixed labels,benchmark,Unknown,Unknown,https://arxiv.org/html/2602.06285v3,Unknown,Verified,2026-09-15
eo_2026_rsrcc,RSRCC,,2026,2026,Regional change comprehension,Bi-temporal change question answering,Satellite,Remote-sensing imagery,Optical; text,Bi-temporal,Image pair-QA,~126K questions,Varies,QA,Multiple locations,QA,benchmark,Unknown,Unknown,https://arxiv.org/html/2604.20623v1,Unknown,Verified,2026-09-15
eo_2026_sentinel2cap,Sentinel2Cap,,2026,2026,EO image captioning,Image-text retrieval and description,Satellite,Sentinel-2 and other EO sensors,Multispectral; text,Single-date,Image-caption pair,Not reported,Varies,Human captions,Multiple regions,Caption,benchmark,Unknown,Unknown,https://arxiv.org/html/2605.03189v1,Unknown,Verified,2026-09-15
eo_2026_swisscrop25,SwissCrop25,,2026,2026,Crop-type mapping,Operational crop classification,Satellite,Sentinel-2; daily temperature,Multispectral; tabular,Seasonal 2019–2025,Time series,7 seasons; 73 crop classes,10 m,Crop labels,Switzerland,Class labels,benchmark,Unknown,https://terrabytes-workshop.github.io/,Unknown,https://github.com/satellite-image-deep-learning/datasets,Verified,2026-09-15
eo_2026_yieldsat,YieldSAT,,2026,2026,Crop-yield prediction,Field/subfield yield regression,Multiple,Sentinel-2; weather; soil; harvester data,Multispectral; tabular,Seasonal,Yield sample/field,"12.2M samples; 2,173 fields",10 m,Yield regression target,Argentina; Brazil; Uruguay; Germany,Regression target,benchmark,Unknown,Unknown,https://arxiv.org/abs/2604.00940,Unknown,Verified,2026-09-15
