path,title,status,license,source_url,license_url,evidence,action,tracked_in_git,pages,bytes,sha256,checked_on
literature/datasets/10307_towards_the_creation_of_a_cana.pdf,Canadian agricultural land-use dataset,permission_unclear,Not established for this PDF,https://openreview.net/pdf/3b9f82b0ce8f1e195c4c20df9637afd8ed9ea339.pdf,,Two-page paper; no explicit paper redistribution licence located. An accessible paper or an open dataset does not establish a licence for this local PDF.,Keep local or store a citation/link until permission for this copy is established.,True,2,234923,2b7d1327e349e9e7b153f138d56109fc7b330e511073707d75701d49f6db67de,2026-09-21
literature/datasets/2017_Christie_Functional_Map_World.pdf,Functional Map of the World (fMoW),permission_unclear,arXiv non-exclusive distribution licence,https://arxiv.org/abs/1711.07846v3,https://arxiv.org/licenses/nonexclusive-distrib/1.0/license.html,"Licence link for the arXiv version identified in the local PDF grants distribution rights to arXiv, not general re-upload rights to readers.",Keep local or store a citation/link until permission for this copy is established.,True,16,5711089,66b0ca080d8ee40088abca42a19c4cf2e574c81d086187e38bfaaf3a540dfe7c,2026-09-21
literature/datasets/2019_Gupta_xBD_Dataset_Assessing_Building_Damage_Satellite_Imagery.pdf,xBD,permission_unclear,arXiv non-exclusive distribution licence,https://arxiv.org/abs/1911.09296v1,https://arxiv.org/licenses/nonexclusive-distrib/1.0/license.html,"Licence link for the arXiv version identified in the local PDF grants distribution rights to arXiv, not general re-upload rights to readers. The PDF public-release statement directs non-US-government users to a separate copyright notice; it is not treated here as an unrestricted grant.",Keep local or store a citation/link until permission for this copy is established.,True,9,8080104,b55bf1a19309dc23b3f0b3aa5ccd57a5e32faabc3988bef8d47f62016d70da32,2026-09-21
literature/datasets/2019_Robinson_Large_Scale_High-Resolution_Land_Cover_Mapping_Multi-Resolution_Data.pdf,Large Scale High-Resolution Land Cover Mapping,restricted_publisher_copy,IEEE copyright; institutional-use restrictions,https://doi.org/10.1109/CVPR.2019.01301,https://www.computer.org/publications/author-resources/peer-review/copyright,Exact local PDF is an IEEE publisher edition with a University of Genoa authorised-use restriction; no article-level Creative Commons grant was found.,Do not treat this PDF as cleared for GitHub. Check the university subscription/personal-backup terms or obtain permission; use a link meanwhile.,True,10,3112970,ba004dc0f01016ba403a759ad3172c86834e714238fe7f350a37db8d41e6c023,2026-09-21
literature/datasets/2019_Schmitt_SEN12MS_--_Curated_Dataset_Georeferenced_Multi-Spectral_Sentinel-1_2_Imagery.pdf,SEN12MS,permission_unclear,arXiv non-exclusive distribution licence,https://arxiv.org/abs/1906.07789v1,https://arxiv.org/licenses/nonexclusive-distrib/1.0/license.html,"Licence link for the arXiv version identified in the local PDF grants distribution rights to arXiv, not general re-upload rights to readers.",Keep local or store a citation/link until permission for this copy is established.,True,8,4364309,4f5482510da1bda2fe7aaffa9b9f04f3b3e80bfda7a1f660c6a550277402594f,2026-09-21
literature/datasets/2019_Zhu_So2Sat_LCZ42_Benchmark_Dataset_Global_Local_Climate_Zones_Classification.pdf,So2Sat LCZ42,restricted_publisher_copy,IEEE copyright; institutional-use restrictions,https://doi.org/10.1109/MGRS.2020.2964708,https://www.computer.org/publications/author-resources/peer-review/copyright,Exact local PDF is an IEEE publisher edition with a University of Genoa authorised-use restriction; no article-level Creative Commons grant was found.,Do not treat this PDF as cleared for GitHub. Check the university subscription/personal-backup terms or obtain permission; use a link meanwhile.,True,14,2942679,e9f682f31ca27b9b37278473237b92730097c339ce10c50895040b186c7621e0,2026-09-21
literature/datasets/2020_Bonafilia_Sen1Floods11_georeferenced_dataset_train_test_DL_flood_algorithms_Sentinel-1.pdf,Sen1Floods11,restricted_publisher_copy,IEEE copyright; institutional-use restrictions,https://doi.org/10.1109/CVPRW50498.2020.00113,https://www.computer.org/publications/author-resources/peer-review/copyright,Exact local PDF is an IEEE publisher edition with a University of Genoa authorised-use restriction; no article-level Creative Commons grant was found.,Do not treat this PDF as cleared for GitHub. Check the university subscription/personal-backup terms or obtain permission; use a link meanwhile.,True,11,1222903,37dfa43a559a4d20c23a2404e2758eeeebe8cdac29fe585efd2e4cc9160913ba,2026-09-21
literature/datasets/2020_Koh_WILDS_Benchmark_in-the-Wild_Distribution_Shifts.pdf,WILDS,permission_unclear,arXiv non-exclusive distribution licence,https://arxiv.org/abs/2012.07421v3,https://arxiv.org/licenses/nonexclusive-distrib/1.0/license.html,"Licence link for the arXiv version identified in the local PDF grants distribution rights to arXiv, not general re-upload rights to readers. A PMLR publication is available under PMLR publication terms, but this audit has not established equivalence of the complete 131-page local arXiv copy to that licensed edition.",Keep local or store a citation/link until permission for this copy is established.,True,131,22135471,35e7bc2db39b1890ce60ffc1dec9ed6b83f87f2bcf6d8501610010442a52f581,2026-09-21
literature/datasets/2021_Garnot_Multi-Modal_Temporal_Attention_Models_Crop_Mapping_Satellite_Time_Series.pdf,Multi-Modal Temporal Attention / PASTIS-R,permission_unclear,arXiv non-exclusive distribution licence,https://arxiv.org/abs/2112.07558v1,https://arxiv.org/licenses/nonexclusive-distrib/1.0/license.html,"Licence link for the arXiv version identified in the local PDF grants distribution rights to arXiv, not general re-upload rights to readers.",Keep local or store a citation/link until permission for this copy is established.,True,21,15454649,0fe0e4b24c143e47aba4dbb3e620910e42893a1ba27998318443bb8ddb644e16,2026-09-21
literature/datasets/2021_Van_Etten_Multi-Temporal_Urban_Development_SpaceNet_Dataset.pdf,SpaceNet Multi-Temporal Urban Development,restricted_publisher_copy,IEEE copyright; institutional-use restrictions,https://doi.org/10.1109/CVPR46437.2021.00633,https://www.computer.org/publications/author-resources/peer-review/copyright,Exact local PDF is an IEEE publisher edition with a University of Genoa authorised-use restriction; no article-level Creative Commons grant was found.,Do not treat this PDF as cleared for GitHub. Check the university subscription/personal-backup terms or obtain permission; use a link meanwhile.,True,10,3564469,8cebbe7ba990caee2bf33c16b406001ab69ac7a207d4e810a316e702edc9c930,2026-09-21
literature/datasets/2021_Weikmann_TimeSen2Crop_Million_Labeled_Samples_Dataset_Sentinel_2_Image_Time.pdf,TimeSen2Crop,cc_by_permission_identified,CC BY 4.0,https://doi.org/10.1109/JSTARS.2021.3073965,https://creativecommons.org/licenses/by/4.0/,"The local article itself explicitly grants CC BY 4.0; the notice applies to the paper, not just its dataset.",Upload with author/source attribution and licence link; retain notices and check any separately credited third-party exclusions.,True,10,2406648,4d8b49d441236d5eb4f494d3f0890bc727f6a920ec725a4fa6f23120c6a0a84a,2026-09-21
literature/datasets/2022_Aybar_CloudSEN12_global_dataset_semantic_understanding_cloud_cloud_shadow_Sentinel-2.pdf,CloudSEN12,cc_by_permission_identified,CC BY 4.0,https://doi.org/10.1038/s41597-022-01878-2,https://creativecommons.org/licenses/by/4.0/,"The local article itself explicitly grants CC BY 4.0; the notice applies to the paper, not just its dataset.",Upload with author/source attribution and licence link; retain notices and check any separately credited third-party exclusions.,True,17,5330024,e88c02c6f5fd1b655529d3b362ada0ab80c209de930fab4374585f4da02b8639,2026-09-21
literature/datasets/2022_Cornebise_Open_High-Resolution_Satellite_Imagery_WorldStrat_Dataset_Application_Super-Resolution.pdf,WorldStrat,permission_unclear,Not established for this PDF,https://proceedings.neurips.cc/paper_files/paper/2022/hash/a6fe99561d9eb9c90b322afe664587fd-Abstract-Datasets_and_Benchmarks.html,,"NeurIPS paper. Its stated licences cover imagery, labels, weights and code; no general redistribution licence for this paper PDF was established. NeurIPS author-retained copyright is not itself permission to re-upload.",Keep local or store a citation/link until permission for this copy is established.,True,13,2514433,5f84021e597b414c488bb1174af90ca8e5778935b872c3b9517c3f57c13f72f2,2026-09-21
literature/datasets/2022_Ebel_SEN12MS-CR-TS_Remote_Sensing_Data_Set_Multi-modal_Multi-temporal_Cloud_Removal.pdf,SEN12MS-CR-TS,cc_by_permission_identified,CC BY 4.0,https://arxiv.org/abs/2201.09613v1,https://creativecommons.org/licenses/by/4.0/,Local PDF identifies this exact arXiv version; its abstract-page licence link resolves to CC BY 4.0.,"Upload with author/source attribution and licence link; retain notices, identify changes, and respect any excluded third-party material.",True,15,18585835,8f592c0c8c1b6b26545b91283250c78f5c77eb51f2fea9c9b56d27398a64b579,2026-09-21
literature/datasets/2022_Toker_DynamicEarthNet_Daily_Multi-Spectral_Satellite_Dataset_Semantic_Change_Segmentation.pdf,DynamicEarthNet,restricted_publisher_copy,IEEE copyright; institutional-use restrictions,https://doi.org/10.1109/CVPR52688.2022.02048,https://www.computer.org/publications/author-resources/peer-review/copyright,Exact local PDF is an IEEE publisher edition with a University of Genoa authorised-use restriction; no article-level Creative Commons grant was found.,Do not treat this PDF as cleared for GitHub. Check the university subscription/personal-backup terms or obtain permission; use a link meanwhile.,True,10,922014,5777778fdce31c4db7c83e76071835b04302acdea5a2d49008c187a73da239d3,2026-09-21
literature/datasets/2022_Tong_Enabling_Country-Scale_Land_Cover_Mapping_Meter-Resolution_Satellite_Imagery.pdf,Country-Scale Land Cover / Five-Billion-Pixels,permission_unclear,arXiv non-exclusive distribution licence,https://arxiv.org/abs/2209.00727v2,https://arxiv.org/licenses/nonexclusive-distrib/1.0/license.html,"Licence link for the arXiv version identified in the local PDF grants distribution rights to arXiv, not general re-upload rights to readers.",Keep local or store a citation/link until permission for this copy is established.,True,33,13313433,93120bf40f69e13db7a172145a0c71697ad23fb71f6deceb2fea8e0040c18079,2026-09-21
literature/datasets/2023_Ahlswede_i_TreeSatAI_Benchmark_Archive_i_multi-sensor_multi-label_dataset_tree.pdf,TreeSatAI,cc_by_permission_identified,CC BY 4.0,https://doi.org/10.5194/essd-15-681-2023,https://creativecommons.org/licenses/by/4.0/,"The local article itself explicitly grants CC BY 4.0; the notice applies to the paper, not just its dataset.",Upload with author/source attribution and licence link; retain notices and check any separately credited third-party exclusions.,True,15,5983055,12575a07de7c9807790dd4e5f6627fe3d3fb5250889d8871cc7e8bd10b5b4b7d,2026-09-21
literature/datasets/2023_Karaman_DEFORESTATION_DETECTION_AMAZON_SENTINEL-1_SAR_IMAGE_TIME_SERIES.pdf,Amazon deforestation / BraDD-S1TS,cc_by_permission_identified,CC BY 4.0,https://doi.org/10.5194/isprs-annals-X-1-W1-2023-835-2023,https://creativecommons.org/licenses/by/4.0/,"The local article itself explicitly grants CC BY 4.0; the notice applies to the paper, not just its dataset.",Upload with author/source attribution and licence link; retain notices and check any separately credited third-party exclusions.,True,8,4392589,64ce9d8a759df3157855e995db71f02fea8ab30201d1bf19184a41cdf06f24a8,2026-09-21
literature/datasets/2023_Lacoste_GEO-Bench_Foundation_Models_Earth_Monitoring.pdf,GEO-Bench,cc_by_permission_identified,CC BY 4.0,https://arxiv.org/abs/2306.03831v2,https://creativecommons.org/licenses/by/4.0/,Local PDF identifies this exact arXiv version; its abstract-page licence link resolves to CC BY 4.0.,"Upload with author/source attribution and licence link; retain notices, identify changes, and respect any excluded third-party material.",True,21,6887795,cfe0f82eafb59c680e8d91fef4dc832491f898f7ee56c14da19e953226d2b2ad,2026-09-21
literature/datasets/2023_Nascetti_BioMassters_Benchmark_Dataset_Forest_Biomass_Estimation_using_Multi-modal_Satellite.pdf,BioMassters,permission_unclear,Not established for this PDF,https://proceedings.neurips.cc/paper_files/paper/2023/hash/40daf2a00278c4bea1b26cd4c8a654f8-Abstract-Datasets_and_Benchmarks.html,,"NeurIPS paper. CC BY language in the local text concerns the biomass dataset and source inventory data, not an explicit paper-level redistribution grant.",Keep local or store a citation/link until permission for this copy is established.,True,12,11276031,ea7ab47af86a63572db007c9dda25fffc07146a4056feda6d88560fadbba49e5,2026-09-21
literature/datasets/2023_Persello_AI4SmallFarms_Dataset_Crop_Field_Delineation_Southeast_Asian_Smallholder_Farms.pdf,AI4SmallFarms,cc_by_permission_identified,CC BY 4.0,https://doi.org/10.1109/LGRS.2023.3323095,https://creativecommons.org/licenses/by/4.0/,"The local article itself explicitly grants CC BY 4.0; the notice applies to the paper, not just its dataset.",Upload with author/source attribution and licence link; retain notices and check any separately credited third-party exclusions.,True,5,4598053,7f797d9352003aeb4d3a9ac33f4abc9371729b0e125279f28ab85c5708edb3e2,2026-09-21
literature/datasets/2023_Sani_SICKLE_Multi-Sensor_Satellite_Imagery_Dataset_Annotated_Multiple_Key_Cropping.pdf,SICKLE,permission_unclear,arXiv non-exclusive distribution licence,https://arxiv.org/abs/2312.00069v1,https://arxiv.org/licenses/nonexclusive-distrib/1.0/license.html,"Licence link for the arXiv version identified in the local PDF grants distribution rights to arXiv, not general re-upload rights to readers.",Keep local or store a citation/link until permission for this copy is established.,True,10,1894882,7c93a188b16a4b70daba15dc73efeb9bc092b31e3f121e2d9abf4a0008caf434,2026-09-21
literature/datasets/2024_Fogel_Open-Canopy_Very_High_Resolution_Forest_Monitoring.pdf,Open-Canopy,cc_by_permission_identified,CC BY 4.0,https://arxiv.org/abs/2407.09392v4,https://creativecommons.org/licenses/by/4.0/,Local PDF identifies this exact arXiv version; its abstract-page licence link resolves to CC BY 4.0.,"Upload with author/source attribution and licence link; retain notices, identify changes, and respect any excluded third-party material.",True,25,8034902,57cc76a9da348b891efd45a4360c18335ba0544a343a012be31ea7f5fa3bc6b0,2026-09-21
literature/datasets/2024_Kerner_Fields_World_ML_Benchmark_Dataset_Global_Agricultural_Field_Boundary.pdf,Fields of The World,conflicting_notices,CC BY 4.0 online / AAAI all-rights-reserved in PDF,https://arxiv.org/abs/2409.16252v2,https://creativecommons.org/licenses/by/4.0/,"The exact arXiv version has a permissive licence link, but the local first page contains an apparently inconsistent publisher copyright/posting notice. This may be template boilerplate or dual licensing; authority to resolve it was not verified.","Ask the author/rightsholder which notice controls this copy, or use a version with consistent licence information. Not categorised as forbidden, but not counted as unambiguously cleared.",True,25,14607526,17488a22077ddaf1e0d094a0cf0dc74be3d0935a1e1bafb0ccf997f5d10f8bc5,2026-09-21
literature/datasets/2024_Kikaki_Detecting_Marine_pollutants_Sea_Surface_features_DL_Sentinel-2_imagery.pdf,Marine pollutants / MADOS,cc_by_permission_identified,CC BY 4.0,https://doi.org/10.1016/j.isprsjprs.2024.02.017,https://creativecommons.org/licenses/by/4.0/,"The local article itself explicitly grants CC BY 4.0; the notice applies to the paper, not just its dataset.",Upload with author/source attribution and licence link; retain notices and check any separately credited third-party exclusions.,True,16,13195920,86b6e3f6400482f6cdbcf418e6074ed9dd367639f663f7778f6518c8d3c126f4,2026-09-21
literature/datasets/CropHarvest.pdf,CropHarvest,permission_unclear,Not established for this PDF,https://openreview.net/forum?id=JtjzUXPEaCu,,"NeurIPS paper. Dataset/source-data licences appear in the text, but no paper-level redistribution grant was established. OpenReview verification was blocked by a browser challenge.",Keep local or store a citation/link until permission for this copy is established.,True,14,5961595,b73d85d96acff04910d5e7e0ac52bd23ba061fddc08ada80b2fb0ee77477af61,2026-09-21
literature/papers/2021_Bommasani_Opportunities_Risks_Foundation_Models.pdf,Opportunities and Risks of Foundation Models,cc_by_permission_identified,CC BY 4.0,https://arxiv.org/abs/2108.07258v3,https://creativecommons.org/licenses/by/4.0/,Local PDF identifies this exact arXiv version; its abstract-page licence link resolves to CC BY 4.0.,"Upload with author/source attribution and licence link; retain notices, identify changes, and respect any excluded third-party material.",True,214,14419820,05e867e3c710a3b0c0e13eb372d013c3511f2ee114bace5ca5c402d6341e92dd,2026-09-21
literature/papers/2022_Xiong_EarthNets_Empowering_AI_EO.pdf,EarthNets,cc_by_permission_identified,CC BY 4.0,https://arxiv.org/abs/2210.04936v3,https://creativecommons.org/licenses/by/4.0/,Local PDF identifies this exact arXiv version; its abstract-page licence link resolves to CC BY 4.0.,"Upload with author/source attribution and licence link; retain notices, identify changes, and respect any excluded third-party material.",True,30,17558773,90341c9f5a3d29606fc4c00681c57a716d223296a602329c6e9f0a98bad8f7ac,2026-09-21
literature/papers/2023_Mai_Opportunities_Challenges_Foundation_Models_GeoAI.pdf,Foundation Models for GeoAI (Mai),conflicting_notices,CC0 online / ACM posting restriction in PDF,https://arxiv.org/abs/2304.06798v1,https://creativecommons.org/publicdomain/zero/1.0/,"The exact arXiv version has a permissive licence link, but the local first page contains an apparently inconsistent publisher copyright/posting notice. This may be template boilerplate or dual licensing; authority to resolve it was not verified.","Ask the author/rightsholder which notice controls this copy, or use a version with consistent licence information. Not categorised as forbidden, but not counted as unambiguously cleared.",True,37,19590880,9ec61f2565590a1024172c1deef67c7a14354fefd35632a8c4d5775ac6d898e8,2026-09-21
literature/papers/2023_Schmitt_There_Are_No_Data_Like_More_Data-_Datasets_DL.pdf,There Are No Data Like More Data,permission_unclear,arXiv non-exclusive distribution licence,https://arxiv.org/abs/2310.19231v1,https://arxiv.org/licenses/nonexclusive-distrib/1.0/license.html,"Licence link for the arXiv version identified in the local PDF grants distribution rights to arXiv, not general re-upload rights to readers.",Keep local or store a citation/link until permission for this copy is established.,True,27,7651470,34b5b1494cfcc140b8534f93bf6526526be7c1633675652eb6f2ae97d162aec9,2026-09-21
literature/papers/2024_Dionelis_Evaluating_Benchmarking_Foundation_Models_EO_Geospatial_AI.pdf,Evaluating and Benchmarking Foundation Models (Dionelis),cc_by_permission_identified,CC BY 4.0,https://arxiv.org/abs/2406.18295v1,https://creativecommons.org/licenses/by/4.0/,Local PDF identifies this exact arXiv version; its abstract-page licence link resolves to CC BY 4.0.,"Upload with author/source attribution and licence link; retain notices, identify changes, and respect any excluded third-party material.",True,5,395814,f599e0ab278b1726fa5c599b25bf2f1b5d9604eb4ba29977ff522e55889d1739,2026-09-21
literature/papers/2024_Marsocci_PANGAEA_Global_Inclusive_Benchmark_GeoFMs.pdf,PANGAEA,cc_by_permission_identified,CC BY 4.0,https://arxiv.org/abs/2412.04204v2,https://creativecommons.org/licenses/by/4.0/,Local PDF identifies this exact arXiv version; its abstract-page licence link resolves to CC BY 4.0.,"Upload with author/source attribution and licence link; retain notices, identify changes, and respect any excluded third-party material.",True,47,19437648,757b68383e726f549692ae2fea085f74227d371fa174f532fbf6a3bc24cd2dd3,2026-09-21
literature/papers/2025_Huang_Survey_Remote_Sensing_Foundation_Models_Vision_Multimodality.pdf,Remote Sensing Foundation Models survey (Huang),cc_by_permission_identified,CC BY 4.0,https://arxiv.org/abs/2503.22081v1,https://creativecommons.org/licenses/by/4.0/,Local PDF identifies this exact arXiv version; its abstract-page licence link resolves to CC BY 4.0.,"Upload with author/source attribution and licence link; retain notices, identify changes, and respect any excluded third-party material.",True,29,1003883,7fac992a91c456b68ed50c08d79ee1c2fd3d68ba094ca70d1610060b06f115e5,2026-09-21
literature/papers/2025_Li_REOBench_Benchmarking_Robustness_EOFMs.pdf,REOBench,cc_by_permission_identified,CC BY 4.0,https://arxiv.org/abs/2505.16793v2,https://creativecommons.org/licenses/by/4.0/,Local PDF identifies this exact arXiv version; its abstract-page licence link resolves to CC BY 4.0.,"Upload with author/source attribution and licence link; retain notices, identify changes, and respect any excluded third-party material.",True,26,19889806,127b80174a0172df6889d9e8bab5cbac61c4ae0f2fd96abb8d0f319c8c795458,2026-09-21
literature/papers/2025_Wang_Unified_Copernicus_Foundation_Model_Earth_Vision.pdf,Copernicus Foundation Model,permission_unclear,arXiv non-exclusive distribution licence,https://arxiv.org/abs/2503.11849v1,https://arxiv.org/licenses/nonexclusive-distrib/1.0/license.html,"Licence link for the arXiv version identified in the local PDF grants distribution rights to arXiv, not general re-upload rights to readers.",Keep local or store a citation/link until permission for this copy is established.,True,31,10056487,93fee4df2add587e7b642d60ad0d61f8838428b62de4381ff3e60a35f6802eef,2026-09-21
literature/papers/2025_Xiao_Foundation_Models_Remote_Sensing_EO_survey.pdf,Remote Sensing and Earth Observation survey (Xiao),restricted_publisher_copy,IEEE copyright; institutional-use restrictions,https://doi.org/10.1109/MGRS.2025.3576766,https://www.computer.org/publications/author-resources/peer-review/copyright,Exact local PDF is an IEEE publisher edition with a University of Genoa authorised-use restriction; no article-level Creative Commons grant was found.,Do not treat this PDF as cleared for GitHub. Check the university subscription/personal-backup terms or obtain permission; use a link meanwhile.,True,28,3590406,54e8403ccb5d55cb6d660406468d24e116655e7dde3ded601063c0094fc19229,2026-09-21
literature/papers/2026_Corley_No_One_Knows_SOTA_GeoFMs.pdf,No One Knows SOTA (copy 1),cc_by_permission_identified,CC BY 4.0,https://arxiv.org/abs/2605.12678v1,https://creativecommons.org/licenses/by/4.0/,Local PDF identifies this exact arXiv version; its abstract-page licence link resolves to CC BY 4.0.,"Upload with author/source attribution and licence link; retain notices, identify changes, and respect any excluded third-party material.",True,16,486097,b052b157b93954c07633635713383a461c361c3ca74cc7ed7fcea29f17bab1bb,2026-09-21
literature/papers/2026_Corley_No_One_Knows_SOTA_GeoFMs_3.pdf,No One Knows SOTA (copy 3),cc_by_permission_identified,CC BY 4.0,https://arxiv.org/abs/2605.12678v1,https://creativecommons.org/licenses/by/4.0/,Local PDF identifies this exact arXiv version; its abstract-page licence link resolves to CC BY 4.0.,"Upload with author/source attribution and licence link; retain notices, identify changes, and respect any excluded third-party material.",True,16,501790,3e85ee3fe2a28bccb1b751f065e40f26c2b9e1a80ca8fb1b9b7bab885018847e,2026-09-21
literature/papers/2026_Doerksen_EarthShift_benchmark_measuring_robustness_real-world_distribution_shifts_EO.pdf,EarthShift,noncommercial_unchanged_permission,CC BY-NC-ND 4.0,https://arxiv.org/abs/2605.29330v1,https://creativecommons.org/licenses/by-nc-nd/4.0/,Licence link for the arXiv version identified in the local PDF resolves to CC BY-NC-ND 4.0.,"Upload an unchanged copy only for a non-commercial purpose, retaining attribution and the licence link. Do not distribute an adapted version under this licence.",True,27,4892552,5a13705497a3efb119e0ce89db0c95ccff063135774ef6d0755e44283602d79b,2026-09-21
reports/benchmarking/exports/AI4EO_benchmarking_scene_s5211120.pdf,AI4EO_benchmarking_scene_s5211120,project_material_conditional,Depends on authorship and incorporated third-party material,,,"Appears to be a project-authored report/table, recap, or locally generated figure based on its title, author line, metadata and repository context. This is an inference, not a verified copyright ownership claim. Stefano Infusini is named in the document.","Upload if it is your work and included third-party figures, text, or substantial copied compilations are licensed or otherwise permitted. Attribution alone does not clear copied material.",True,14,730524,6ae5be0887e96f153b909ccbfeff7c15984a6aa9219d0bf883d8eddea9a276a9,2026-09-21
reports/benchmarking/exports/AI4EO_benchmarks (5).pdf,AI4EO_benchmarks (5),project_material_conditional,Depends on authorship and incorporated third-party material,,,"Appears to be a project-authored report/table, recap, or locally generated figure based on its title, author line, metadata and repository context. This is an inference, not a verified copyright ownership claim. Stefano Infusini is named in the document.","Upload if it is your work and included third-party figures, text, or substantial copied compilations are licensed or otherwise permitted. Attribution alone does not clear copied material.",True,21,535913,5a1dd31f17341670898de811df7f2856c5eb80fdd1886697d623bd21adec4e88,2026-09-21
reports/benchmarking/exports/AI4EO_benchmarks (9).pdf,AI4EO_benchmarks (9),project_material_conditional,Depends on authorship and incorporated third-party material,,,"Appears to be a project-authored report/table, recap, or locally generated figure based on its title, author line, metadata and repository context. This is an inference, not a verified copyright ownership claim. Stefano Infusini is named in the document.","Upload if it is your work and included third-party figures, text, or substantial copied compilations are licensed or otherwise permitted. Attribution alone does not clear copied material.",True,7,443211,8eaa0beecf3d49d69195d5a210df69f1ab7b662519372769dbcbaa375c71075a,2026-09-21
reports/benchmarking/exports/AI4EO_benchmarks.pdf,AI4EO_benchmarks,project_material_conditional,Depends on authorship and incorporated third-party material,,,"Appears to be a project-authored report/table, recap, or locally generated figure based on its title, author line, metadata and repository context. This is an inference, not a verified copyright ownership claim. Stefano Infusini is named in the document.","Upload if it is your work and included third-party figures, text, or substantial copied compilations are licensed or otherwise permitted. Attribution alone does not clear copied material.",True,6,354396,b6074bd9aa29107ef07ac02cdb3cdecdc3362f829b40968eaa9ae690962acd6b,2026-09-21
reports/benchmarking/exports/eo_benchmark_candidate_shortlist_fast.pdf,eo_benchmark_candidate_shortlist_fast,project_material_conditional,Depends on authorship and incorporated third-party material,,,"Appears to be a project-authored report/table, recap, or locally generated figure based on its title, author line, metadata and repository context. This is an inference, not a verified copyright ownership claim.","Upload if it is your work and included third-party figures, text, or substantial copied compilations are licensed or otherwise permitted. Attribution alone does not clear copied material.",True,1,184525,7eccbecabff05045828bc63ed569dd5d5a37882a04f87fd769f0bc98eded6fd9,2026-09-21
reports/benchmarking/exports/eo_benchmark_candidate_table_clean.pdf,eo_benchmark_candidate_table_clean,project_material_conditional,Depends on authorship and incorporated third-party material,,,"Appears to be a project-authored report/table, recap, or locally generated figure based on its title, author line, metadata and repository context. This is an inference, not a verified copyright ownership claim.","Upload if it is your work and included third-party figures, text, or substantial copied compilations are licensed or otherwise permitted. Attribution alone does not clear copied material.",True,1,72265,b35fde162c10b68117ead61ad2eb66fe49afabedb621f430275a5148f345b3da,2026-09-21
reports/benchmarking/exports/eo_confirmed_benchmark_datasets_188.pdf,eo_confirmed_benchmark_datasets_188,project_material_conditional,Depends on authorship and incorporated third-party material,,,"Appears to be a project-authored report/table, recap, or locally generated figure based on its title, author line, metadata and repository context. This is an inference, not a verified copyright ownership claim.","Upload if it is your work and included third-party figures, text, or substantial copied compilations are licensed or otherwise permitted. Attribution alone does not clear copied material.",True,3,171178,32fde800546c3c5d88393c6aabcb8b0483be3072659fdfa0226f9c02bd3cbf18,2026-09-21
reports/benchmarking/exports/eo_datasets_master_benchmark_audit_593.pdf,eo_datasets_master_benchmark_audit_593,project_material_conditional,Depends on authorship and incorporated third-party material,,,"Appears to be a project-authored report/table, recap, or locally generated figure based on its title, author line, metadata and repository context. This is an inference, not a verified copyright ownership claim. Stefano Infusini is named in the document.","Upload if it is your work and included third-party figures, text, or substantial copied compilations are licensed or otherwise permitted. Attribution alone does not clear copied material.",True,10,472375,7554ee0f7732407d2381e6ec41958f017ec7975d164879ba0688bc0efade6fde,2026-09-21
reports/benchmarking/exports/eo_datasets_master_benchmark_flag_portrait.pdf,eo_datasets_master_benchmark_flag_portrait,project_material_conditional,Depends on authorship and incorporated third-party material,,,"Appears to be a project-authored report/table, recap, or locally generated figure based on its title, author line, metadata and repository context. This is an inference, not a verified copyright ownership claim.","Upload if it is your work and included third-party figures, text, or substantial copied compilations are licensed or otherwise permitted. Attribution alone does not clear copied material.",True,7,375457,2def9343bc2444168ef27548e91c043d86515f52729f130ec939c522de06f77e,2026-09-21
reports/benchmarking/exports/eo_datasets_master_benchmark_fmeval_evidence_portrait.pdf,eo_datasets_master_benchmark_fmeval_evidence_portrait,project_material_conditional,Depends on authorship and incorporated third-party material,,,"Appears to be a project-authored report/table, recap, or locally generated figure based on its title, author line, metadata and repository context. This is an inference, not a verified copyright ownership claim.","Upload if it is your work and included third-party figures, text, or substantial copied compilations are licensed or otherwise permitted. Attribution alone does not clear copied material.",True,7,213170,604a0148a9e046c6119c83a0b8a9a4857fe32cac60207d3173611186c742b436,2026-09-21
reports/benchmarking/exports/eo_datasets_master_external_links_singleline_header.pdf,eo_datasets_master_external_links_singleline_header,project_material_conditional,Depends on authorship and incorporated third-party material,,,"Appears to be a project-authored report/table, recap, or locally generated figure based on its title, author line, metadata and repository context. This is an inference, not a verified copyright ownership claim.","Upload if it is your work and included third-party figures, text, or substantial copied compilations are licensed or otherwise permitted. Attribution alone does not clear copied material.",True,7,195887,f577e5b8cd49bc4fa0bf24ff091cb022096499d6f371a5ce020a1a8545bbd50b,2026-09-21
reports/benchmarking/exports/EODatasets.pdf,EODatasets: third-party review database,permission_unclear,Not established for this PDF,https://arxiv.org/abs/2310.19231v1,,"The PDF identifies itself as the review database accompanying the Schmitt et al. paper. It is not assumed to be authored by the repository owner; no redistribution licence appears in the extracted text. The linked article identifies context, not permission for the database.",Keep local or store a citation/link until permission for this copy is established.,True,10,676601,0bf78c76cf4d80bb259e60b678655c8238d03fbab6631689f95e29a7103e00b6,2026-09-21
reports/preliminary/figures/ai4eo_scientific_publications.pdf,ai4eo_scientific_publications,project_material_conditional,Depends on authorship and incorporated third-party material,,,"Appears to be a project-authored report/table, recap, or locally generated figure based on its title, author line, metadata and repository context. This is an inference, not a verified copyright ownership claim. Matplotlib-generated figure; one corresponding plotting notebook is present.","Upload if it is your work and included third-party figures, text, or substantial copied compilations are licensed or otherwise permitted. Attribution alone does not clear copied material.",True,1,33887,1f76b20594741fd84abd53dbf049bfb475e61434d98eaf13f806c46198d61c4a,2026-09-21
reports/preliminary/figures/ai4eo_temporal_references.pdf,ai4eo_temporal_references,project_material_conditional,Depends on authorship and incorporated third-party material,,,"Appears to be a project-authored report/table, recap, or locally generated figure based on its title, author line, metadata and repository context. This is an inference, not a verified copyright ownership claim. Matplotlib-generated figure; one corresponding plotting notebook is present.","Upload if it is your work and included third-party figures, text, or substantial copied compilations are licensed or otherwise permitted. Attribution alone does not clear copied material.",True,1,49806,793aedbefbc5e3f2b7b9810b15041806d5481acd7c181a95460e932c50c4b831,2026-09-21
reports/shortlist/intermediate/191_benchmark_candidates.pdf,191_benchmark_candidates,project_material_conditional,Depends on authorship and incorporated third-party material,,,"Appears to be a project-authored report/table, recap, or locally generated figure based on its title, author line, metadata and repository context. This is an inference, not a verified copyright ownership claim.","Upload if it is your work and included third-party figures, text, or substantial copied compilations are licensed or otherwise permitted. Attribution alone does not clear copied material.",True,3,118146,7f951869b14aabaf34e7a8574f1bc0a0422e6d38c571a1f662bfbb23bb4522f3,2026-09-21
reports/shortlist/intermediate/38_candidates.pdf,38_candidates,project_material_conditional,Depends on authorship and incorporated third-party material,,,"Appears to be a project-authored report/table, recap, or locally generated figure based on its title, author line, metadata and repository context. This is an inference, not a verified copyright ownership claim.","Upload if it is your work and included third-party figures, text, or substantial copied compilations are licensed or otherwise permitted. Attribution alone does not clear copied material.",True,1,92143,02dde582f6d0f74c91e3133b89f95656bec755ff5b4de786ab664c4ea74512a2,2026-09-21
reports/shortlist/intermediate/595.pdf,595,project_material_conditional,Depends on authorship and incorporated third-party material,,,"Appears to be a project-authored report/table, recap, or locally generated figure based on its title, author line, metadata and repository context. This is an inference, not a verified copyright ownership claim.","Upload if it is your work and included third-party figures, text, or substantial copied compilations are licensed or otherwise permitted. Attribution alone does not clear copied material.",True,7,187821,eb66e07089f866b794042b2c00484fbc4883287ecf4633b7bae812de8cca59a1,2026-09-21
notes/literature/NoOneKnowsRecap.pdf,NoOneKnowsRecap,project_material_conditional,Depends on authorship and incorporated third-party material,,,"Appears to be a project-authored report/table, recap, or locally generated figure based on its title, author line, metadata and repository context. This is an inference, not a verified copyright ownership claim.","Upload if it is your work and included third-party figures, text, or substantial copied compilations are licensed or otherwise permitted. Attribution alone does not clear copied material.",True,4,474021,45d02bbdc58cc73154bf519e85fda45d2440eb107e9fabee20e547e597055028,2026-09-21
notebooks/croma/figures/SAR_encoder.pdf,SAR_encoder,project_material_conditional,Depends on authorship and incorporated third-party material,,,"Appears to be a project-authored report/table, recap, or locally generated figure based on its title, author line, metadata and repository context. This is an inference, not a verified copyright ownership claim. Model architecture diagram consistent with the local CROMA notebook.","Upload if it is your work and included third-party figures, text, or substantial copied compilations are licensed or otherwise permitted. Attribution alone does not clear copied material.",True,1,90896,22ef51286153326b882f5433176d7630064ea5ff933dd69b606c8ce99346262a,2026-09-21
